user_id,subject,topic,difficulty_level,total_questions,correct_answers,wrong_answers,topic_accuracy,attempt_count,study_duration_minutes,pre_test_score,post_test_score,improvement_score,mastery_level,needs_remedial,recommended_action,remediation_material_id,interaction_date
U00001,Business,Marketing Basics,easy,15,14,1,93.33,1,34,86.97,88.87,1.9,mastered,0,continue,M0077,2026-03-30
U00002,Digital Literacy,File Management,hard,20,16,4,80.0,3,75,74.61,76.51,1.9,mastered,0,continue,M0069,2026-05-23
U00003,Programming,Loops,hard,5,1,4,20.0,4,57,15.95,39.98,24.03,weak,1,remedial,M0023,2026-05-30
U00004,Science,Matter,medium,10,8,2,80.0,3,53,77.44,78.91,1.47,mastered,0,continue,M0058,2026-04-27
U00005,Mathematics,Geometry,hard,10,5,5,50.0,5,73,45.85,70.03,24.18,weak,1,remedial,M0007,2026-01-22
U00006,Business,Entrepreneurship,hard,10,3,7,30.0,1,40,25.6,44.05,18.45,weak,1,remedial,M0087,2026-05-22
U00007,Programming,Data Structures,easy,5,4,1,80.0,1,43,77.67,79.73,2.06,mastered,0,continue,M0030,2026-01-14
U00008,Business,Marketing Basics,easy,15,10,5,66.67,1,39,58.7,66.39,7.69,partial,0,review,M0077,2026-03-15
U00009,Science,Matter,medium,20,7,13,35.0,3,51,37.75,55.25,17.5,weak,1,remedial,M0059,2026-01-19
U00010,Mathematics,Statistics,medium,5,2,3,40.0,2,55,47.8,74.15,26.35,weak,1,remedial,M0010,2026-05-22
U00011,English,Vocabulary,hard,10,4,6,40.0,1,52,39.07,66.71,27.64,weak,1,remedial,M0033,2026-01-03
U00012,Mathematics,Fractions,hard,10,4,6,40.0,1,46,41.93,55.79,13.86,weak,1,remedial,M0001,2026-02-11
U00013,Programming,Functions,easy,15,10,5,66.67,3,35,69.54,82.66,13.12,partial,0,review,M0026,2026-01-08
U00014,Mathematics,Geometry,easy,15,4,11,26.67,2,46,29.28,42.4,13.12,weak,1,remedial,M0008,2026-05-10
U00015,English,Tenses,easy,15,9,6,60.0,2,33,61.91,66.03,4.12,partial,0,review,M0040,2026-03-21
U00016,Programming,Conditional Logic,easy,5,3,2,60.0,3,57,64.32,68.6,4.28,partial,0,review,M0020,2026-02-26
U00017,Programming,Data Structures,medium,10,1,9,10.0,3,55,14.44,36.55,22.11,weak,1,remedial,M0028,2026-03-12
U00018,Science,Cells,medium,10,2,8,20.0,2,38,25.71,54.85,29.14,weak,1,remedial,M0047,2026-05-03
U00019,Mathematics,Geometry,easy,20,20,0,100.0,1,33,100,100,0,mastered,0,continue,M0008,2026-03-06
U00020,Mathematics,Statistics,easy,5,5,0,100.0,2,45,95.49,98.99,3.5,mastered,0,continue,M0011,2026-02-12
U00021,Digital Literacy,Basic Troubleshooting,hard,5,0,5,0.0,2,64,2.58,14.3,11.72,weak,1,remedial,M0075,2026-03-29
U00022,Mathematics,Statistics,hard,5,3,2,60.0,3,62,61.48,68.35,6.87,partial,0,review,M0010,2026-01-23
U00023,English,Tenses,easy,20,19,1,95.0,2,28,92.5,97.48,4.98,mastered,0,continue,M0042,2026-03-26
U00024,English,Tenses,easy,15,13,2,86.67,1,40,83.34,88.06,4.72,mastered,0,continue,M0042,2026-05-06
U00025,Mathematics,Fractions,medium,20,17,3,85.0,3,45,78.3,79.5,1.2,mastered,0,continue,M0003,2026-01-20
U00026,Programming,Variables,medium,20,5,15,25.0,4,51,25.01,47.35,22.34,weak,1,remedial,M0016,2026-01-11
U00027,Science,Energy,medium,5,2,3,40.0,2,32,34.9,59.53,24.63,weak,1,remedial,M0054,2026-05-06
U00028,Mathematics,Statistics,easy,15,12,3,80.0,2,18,79.98,82.19,2.21,mastered,0,continue,M0010,2026-02-22
U00029,English,Writing,easy,15,14,1,93.33,5,55,91.47,96.08,4.61,mastered,0,continue,M0045,2026-02-04
U00030,Mathematics,Geometry,medium,20,6,14,30.0,2,57,24.43,58.55,34.12,weak,1,remedial,M0007,2026-05-09
U00031,Digital Literacy,File Management,hard,20,0,20,0.0,3,57,0,17.49,17.49,weak,1,remedial,M0067,2026-01-12
U00032,English,Vocabulary,easy,15,11,4,73.33,4,44,81.13,87.72,6.59,partial,0,review,M0032,2026-03-06
U00033,Science,Energy,easy,20,7,13,35.0,1,29,39.62,50.45,10.83,weak,1,remedial,M0053,2026-02-03
U00034,Mathematics,Geometry,easy,20,7,13,35.0,2,34,34.28,61.1,26.82,weak,1,remedial,M0009,2026-03-09
U00035,Digital Literacy,Online Collaboration,hard,15,10,5,66.67,2,51,65.38,77.29,11.91,partial,0,review,M0070,2026-04-17
U00036,Business,Marketing Basics,hard,20,9,11,45.0,2,28,50.01,65.83,15.82,weak,1,remedial,M0076,2026-01-01
U00037,English,Grammar,hard,15,5,10,33.33,1,66,32.15,44.85,12.7,weak,1,remedial,M0036,2026-04-24
U00038,Mathematics,Fractions,easy,10,1,9,10.0,1,30,9.22,24.93,15.71,weak,1,remedial,M0002,2026-04-27
U00039,Science,Ecosystem,medium,15,11,4,73.33,3,64,70.96,80.9,9.94,partial,0,review,M0055,2026-02-09
U00040,Business,Entrepreneurship,easy,5,5,0,100.0,2,34,100,100,0,mastered,0,continue,M0087,2026-03-10
U00041,Mathematics,Algebra Basics,easy,15,9,6,60.0,1,18,58.63,64.22,5.59,partial,0,review,M0006,2026-01-30
U00042,English,Tenses,easy,20,16,4,80.0,1,37,78.47,81.67,3.2,mastered,0,continue,M0041,2026-01-30
U00043,Science,Cells,hard,10,2,8,20.0,1,25,17.59,45.77,28.18,weak,1,remedial,M0048,2026-02-07
U00044,Programming,Variables,easy,10,4,6,40.0,3,41,41.46,60.26,18.8,weak,1,remedial,M0016,2026-03-21
U00045,Science,Ecosystem,easy,15,12,3,80.0,1,31,79.03,81.64,2.61,mastered,0,continue,M0055,2026-04-04
U00046,English,Reading Comprehension,medium,15,7,8,46.67,1,49,47.61,73.7,26.09,weak,1,remedial,M0038,2026-02-02
U00047,Business,Business Communication,easy,20,15,5,75.0,1,20,82.51,92.84,10.33,partial,0,review,M0090,2026-04-25
U00048,Programming,Data Structures,easy,20,17,3,85.0,3,55,91.15,95.8,4.65,mastered,0,continue,M0029,2026-01-14
U00049,Science,Matter,medium,20,6,14,30.0,2,61,31.55,41.96,10.41,weak,1,remedial,M0060,2026-05-28
U00050,Programming,Conditional Logic,easy,5,3,2,60.0,2,50,58.25,66.89,8.64,partial,0,review,M0021,2026-04-10
U00051,English,Reading Comprehension,medium,15,9,6,60.0,1,39,66.93,76.11,9.18,partial,0,review,M0039,2026-05-02
U00052,English,Vocabulary,medium,10,7,3,70.0,1,41,63.32,71.41,8.09,partial,0,review,M0032,2026-02-16
U00053,Digital Literacy,File Management,easy,5,2,3,40.0,1,19,32.92,59.7,26.78,weak,1,remedial,M0068,2026-04-04
U00054,Digital Literacy,Data Privacy,hard,10,8,2,80.0,1,33,77.03,78.42,1.39,mastered,0,continue,M0064,2026-01-07
U00055,Business,Financial Literacy,medium,20,16,4,80.0,1,56,75.79,78.26,2.47,mastered,0,continue,M0080,2026-05-22
U00056,Digital Literacy,File Management,medium,10,7,3,70.0,3,49,72.24,77.42,5.18,partial,0,review,M0067,2026-04-21
U00057,Digital Literacy,Internet Safety,hard,10,3,7,30.0,4,53,22.66,54.25,31.59,weak,1,remedial,M0061,2026-01-12
U00058,Business,Business Communication,easy,10,8,2,80.0,1,50,81.71,83.27,1.56,mastered,0,continue,M0090,2026-03-23
U00059,Business,Customer Service,hard,10,4,6,40.0,3,61,47.94,69.61,21.67,weak,1,remedial,M0083,2026-05-08
U00060,Mathematics,Fractions,hard,20,7,13,35.0,1,52,39.72,58.2,18.48,weak,1,remedial,M0002,2026-02-06
U00061,Programming,Data Structures,medium,5,2,3,40.0,5,62,37.38,68.09,30.71,weak,1,remedial,M0030,2026-05-06
U00062,Business,Business Communication,easy,5,1,4,20.0,2,28,23.54,48.13,24.59,weak,1,remedial,M0088,2026-05-15
U00063,Business,Business Communication,medium,20,16,4,80.0,3,48,83.09,86.14,3.05,mastered,0,continue,M0088,2026-03-05
U00064,English,Writing,easy,15,9,6,60.0,2,22,63.96,69.53,5.57,partial,0,review,M0045,2026-03-11
U00065,Digital Literacy,File Management,easy,10,4,6,40.0,2,45,37.14,63.29,26.15,weak,1,remedial,M0067,2026-05-27
U00066,Programming,Data Structures,medium,5,4,1,80.0,1,63,87.73,89.15,1.42,mastered,0,continue,M0030,2026-05-20
U00067,Digital Literacy,Online Collaboration,hard,10,5,5,50.0,3,54,52.71,67.33,14.62,weak,1,remedial,M0070,2026-05-03
U00068,English,Grammar,easy,20,8,12,40.0,2,36,35.49,51.68,16.19,weak,1,remedial,M0036,2026-01-21
U00069,Digital Literacy,Online Collaboration,medium,15,14,1,93.33,3,49,98.39,100,1.61,mastered,0,continue,M0072,2026-01-19
U00070,Mathematics,Statistics,easy,5,3,2,60.0,5,45,57.99,71.69,13.7,partial,0,review,M0011,2026-04-07
U00071,Science,Cells,medium,10,10,0,100.0,1,35,100,100,0,mastered,0,continue,M0048,2026-04-18
U00072,Digital Literacy,Internet Safety,easy,5,5,0,100.0,1,54,100,100,0,mastered,0,continue,M0062,2026-05-28
U00073,Digital Literacy,File Management,easy,10,8,2,80.0,1,36,75.86,76.99,1.13,mastered,0,continue,M0069,2026-02-06
U00074,Science,Cells,medium,20,13,7,65.0,1,50,72.99,81.74,8.75,partial,0,review,M0046,2026-02-22
U00075,Science,Force and Motion,medium,15,11,4,73.33,1,34,78.66,87.65,8.99,partial,0,review,M0051,2026-03-28
U00076,English,Tenses,hard,20,11,9,55.0,2,61,47.25,70.56,23.31,weak,1,remedial,M0041,2026-01-04
U00077,Mathematics,Linear Equations,medium,15,5,10,33.33,2,55,26.83,46.31,19.48,weak,1,remedial,M0015,2026-05-02
U00078,Mathematics,Fractions,medium,5,3,2,60.0,4,43,59.61,63.17,3.56,partial,0,review,M0001,2026-03-13
U00079,Digital Literacy,Basic Troubleshooting,medium,10,5,5,50.0,5,73,55.42,73.93,18.51,weak,1,remedial,M0075,2026-04-12
U00080,English,Vocabulary,medium,20,11,9,55.0,1,42,48.49,73.44,24.95,weak,1,remedial,M0032,2026-04-09
U00081,Mathematics,Geometry,medium,5,5,0,100.0,1,40,100,100,0,mastered,0,continue,M0008,2026-02-20
U00082,Science,Cells,easy,5,3,2,60.0,1,21,57.03,71.6,14.57,partial,0,review,M0047,2026-03-16
U00083,Business,Entrepreneurship,hard,10,4,6,40.0,1,57,42.77,56.25,13.48,weak,1,remedial,M0086,2026-03-03
U00084,English,Grammar,medium,20,2,18,10.0,1,24,6.14,28.91,22.77,weak,1,remedial,M0036,2026-05-23
U00085,Digital Literacy,Basic Troubleshooting,easy,15,12,3,80.0,1,32,85.59,88.83,3.24,mastered,0,continue,M0075,2026-02-12
U00086,Business,Financial Literacy,medium,10,7,3,70.0,3,46,74.74,84.67,9.93,partial,0,review,M0081,2026-02-17
U00087,English,Reading Comprehension,easy,5,1,4,20.0,3,40,21.83,33.95,12.12,weak,1,remedial,M0037,2026-03-22
U00088,Mathematics,Algebra Basics,easy,10,7,3,70.0,2,28,75.85,90.27,14.42,partial,0,review,M0005,2026-02-04
U00089,Programming,Functions,hard,20,4,16,20.0,1,45,15.96,47.83,31.87,weak,1,remedial,M0025,2026-04-26
U00090,English,Reading Comprehension,hard,5,3,2,60.0,1,32,52.95,60.16,7.21,partial,0,review,M0038,2026-05-18
U00091,Programming,Loops,hard,15,2,13,13.33,1,37,15.47,47.47,32.0,weak,1,remedial,M0022,2026-04-14
U00092,Digital Literacy,File Management,medium,15,7,8,46.67,3,56,52.98,82.04,29.06,weak,1,remedial,M0067,2026-01-26
U00093,Business,Entrepreneurship,easy,10,9,1,90.0,2,36,89.63,90.29,0.66,mastered,0,continue,M0085,2026-05-13
U00094,Business,Entrepreneurship,easy,15,12,3,80.0,3,42,82.05,82.81,0.76,mastered,0,continue,M0086,2026-04-24
U00095,Programming,Variables,hard,10,4,6,40.0,1,35,43.97,61.36,17.39,weak,1,remedial,M0016,2026-03-03
U00096,Science,Ecosystem,easy,20,16,4,80.0,1,29,73.34,73.74,0.4,mastered,0,continue,M0055,2026-02-09
U00097,Digital Literacy,File Management,medium,5,2,3,40.0,1,39,39.94,58.61,18.67,weak,1,remedial,M0069,2026-03-08
U00098,Programming,Loops,easy,15,10,5,66.67,1,32,59.41,66.78,7.37,partial,0,review,M0022,2026-02-15
U00099,Mathematics,Linear Equations,hard,20,1,19,5.0,3,57,9.74,23.5,13.76,weak,1,remedial,M0014,2026-01-07
U00100,Programming,Data Structures,easy,5,3,2,60.0,4,36,60.32,71.73,11.41,partial,0,review,M0029,2026-04-28
U00101,Business,Marketing Basics,medium,10,6,4,60.0,1,39,53.69,62.08,8.39,partial,0,review,M0077,2026-04-15
U00102,Mathematics,Linear Equations,medium,10,4,6,40.0,4,52,40.9,64.65,23.75,weak,1,remedial,M0013,2026-04-29
U00103,Mathematics,Algebra Basics,easy,5,5,0,100.0,1,50,99.09,99.73,0.64,mastered,0,continue,M0005,2026-02-01
U00104,Mathematics,Statistics,easy,20,19,1,95.0,3,51,92.75,95.47,2.72,mastered,0,continue,M0011,2026-03-30
U00105,Digital Literacy,Basic Troubleshooting,easy,15,7,8,46.67,3,31,52.19,66.59,14.4,weak,1,remedial,M0075,2026-03-23
U00106,Business,Customer Service,hard,5,2,3,40.0,1,62,32.9,57.94,25.04,weak,1,remedial,M0082,2026-05-15
U00107,Science,Cells,easy,10,10,0,100.0,2,32,100,100,0,mastered,0,continue,M0047,2026-05-05
U00108,Business,Customer Service,easy,15,8,7,53.33,3,50,49.14,83.7,34.56,weak,1,remedial,M0082,2026-01-23
U00109,Business,Customer Service,medium,15,10,5,66.67,1,46,60.35,67.45,7.1,partial,0,review,M0083,2026-02-11
U00110,Business,Marketing Basics,medium,5,4,1,80.0,2,45,86.81,89.51,2.7,mastered,0,continue,M0078,2026-03-14
U00111,English,Grammar,easy,20,19,1,95.0,2,38,87.99,91.75,3.76,mastered,0,continue,M0036,2026-01-25
U00112,Mathematics,Geometry,hard,20,4,16,20.0,5,78,18.97,53.9,34.93,weak,1,remedial,M0009,2026-02-07
U00113,Digital Literacy,File Management,easy,5,1,4,20.0,1,38,21.32,55.44,34.12,weak,1,remedial,M0067,2026-01-28
U00114,Digital Literacy,Internet Safety,medium,15,9,6,60.0,2,55,67.56,73.3,5.74,partial,0,review,M0062,2026-04-24
U00115,English,Reading Comprehension,medium,5,1,4,20.0,2,57,26.07,36.79,10.72,weak,1,remedial,M0037,2026-02-21
U00116,Mathematics,Algebra Basics,easy,5,3,2,60.0,2,51,57.6,62.56,4.96,partial,0,review,M0005,2026-01-24
U00117,English,Vocabulary,medium,10,8,2,80.0,1,20,83.4,86.95,3.55,mastered,0,continue,M0032,2026-04-19
U00118,Science,Energy,medium,10,9,1,90.0,1,23,93.38,97.84,4.46,mastered,0,continue,M0053,2026-02-18
U00119,Programming,Data Structures,medium,5,4,1,80.0,1,54,81.15,82.1,0.95,mastered,0,continue,M0030,2026-02-26
U00120,Business,Business Communication,medium,20,6,14,30.0,4,60,23.14,55.38,32.24,weak,1,remedial,M0090,2026-01-31
U00121,Business,Entrepreneurship,medium,20,9,11,45.0,1,48,37.6,52.59,14.99,weak,1,remedial,M0086,2026-01-04
U00122,English,Writing,easy,5,3,2,60.0,1,28,63.65,73.81,10.16,partial,0,review,M0044,2026-04-22
U00123,Business,Financial Literacy,easy,20,17,3,85.0,1,26,81.82,85.13,3.31,mastered,0,continue,M0081,2026-05-14
U00124,English,Writing,medium,10,4,6,40.0,4,43,43.01,65.03,22.02,weak,1,remedial,M0043,2026-01-01
U00125,Mathematics,Fractions,hard,20,6,14,30.0,2,56,35.04,49.61,14.57,weak,1,remedial,M0002,2026-04-13
U00126,Science,Energy,hard,20,16,4,80.0,5,67,82.72,84.41,1.69,mastered,0,continue,M0054,2026-01-25
U00127,Science,Force and Motion,medium,20,19,1,95.0,1,51,100,100,0,mastered,0,continue,M0051,2026-03-19
U00128,Digital Literacy,Basic Troubleshooting,easy,20,9,11,45.0,4,51,43.29,64.72,21.43,weak,1,remedial,M0073,2026-03-28
U00129,Mathematics,Statistics,easy,5,3,2,60.0,2,14,54.84,64.78,9.94,partial,0,review,M0012,2026-02-02
U00130,Mathematics,Statistics,medium,15,6,9,40.0,1,37,42.76,77.29,34.53,weak,1,remedial,M0012,2026-02-15
U00131,Digital Literacy,Basic Troubleshooting,medium,15,11,4,73.33,1,55,68.59,78.08,9.49,partial,0,review,M0074,2026-04-26
U00132,Mathematics,Linear Equations,hard,10,7,3,70.0,2,59,74.49,87.93,13.44,partial,0,review,M0013,2026-04-05
U00133,Digital Literacy,Basic Troubleshooting,medium,10,10,0,100.0,3,54,97.16,97.41,0.25,mastered,0,continue,M0075,2026-03-19
U00134,Science,Matter,medium,5,5,0,100.0,1,43,97.31,99.11,1.8,mastered,0,continue,M0058,2026-05-16
U00135,Science,Matter,hard,5,3,2,60.0,1,46,52.4,61.6,9.2,partial,0,review,M0059,2026-05-12
U00136,Digital Literacy,Online Collaboration,medium,15,12,3,80.0,2,61,77.31,77.75,0.44,mastered,0,continue,M0070,2026-02-15
U00137,English,Writing,easy,10,6,4,60.0,2,32,58.1,70.97,12.87,partial,0,review,M0043,2026-05-02
U00138,Programming,Data Structures,easy,20,14,6,70.0,1,53,71.87,77.9,6.03,partial,0,review,M0028,2026-02-16
U00139,Business,Business Communication,hard,20,9,11,45.0,2,51,47.87,66.16,18.29,weak,1,remedial,M0089,2026-04-29
U00140,Science,Energy,medium,20,16,4,80.0,3,60,83.73,85.18,1.45,mastered,0,continue,M0053,2026-05-09
U00141,Digital Literacy,Internet Safety,medium,5,1,4,20.0,5,61,17.74,33.21,15.47,weak,1,remedial,M0062,2026-03-01
U00142,Mathematics,Geometry,medium,5,2,3,40.0,2,33,36.38,64.93,28.55,weak,1,remedial,M0009,2026-05-20
U00143,Digital Literacy,Data Privacy,medium,20,7,13,35.0,2,38,29.58,60.41,30.83,weak,1,remedial,M0064,2026-03-04
U00144,Mathematics,Algebra Basics,medium,10,4,6,40.0,2,45,35.51,55.78,20.27,weak,1,remedial,M0004,2026-05-30
U00145,Programming,Data Structures,medium,15,8,7,53.33,2,68,56.19,76.98,20.79,weak,1,remedial,M0029,2026-04-05
U00146,Mathematics,Linear Equations,medium,20,17,3,85.0,2,45,81.06,85.33,4.27,mastered,0,continue,M0014,2026-05-25
U00147,English,Writing,easy,20,11,9,55.0,1,35,61.81,82.69,20.88,weak,1,remedial,M0043,2026-03-09
U00148,Programming,Loops,easy,5,3,2,60.0,1,34,65.61,79.78,14.17,partial,0,review,M0024,2026-03-15
U00149,Programming,Variables,medium,10,9,1,90.0,3,38,87.56,91.64,4.08,mastered,0,continue,M0016,2026-02-19
U00150,Science,Ecosystem,medium,15,5,10,33.33,2,40,29.46,49.03,19.57,weak,1,remedial,M0055,2026-02-28
U00151,English,Tenses,hard,5,5,0,100.0,2,59,100,100,0,mastered,0,continue,M0042,2026-02-21
U00152,Programming,Conditional Logic,hard,10,5,5,50.0,1,62,54.23,77.01,22.78,weak,1,remedial,M0020,2026-02-26
U00153,Digital Literacy,Data Privacy,easy,20,19,1,95.0,4,47,89.1,91.98,2.88,mastered,0,continue,M0064,2026-01-26
U00154,Business,Customer Service,hard,20,14,6,70.0,1,53,68.59,75.8,7.21,partial,0,review,M0084,2026-02-20
U00155,Digital Literacy,Basic Troubleshooting,medium,10,0,10,0.0,1,34,2.45,30.21,27.76,weak,1,remedial,M0075,2026-04-12
U00156,English,Tenses,medium,15,13,2,86.67,2,52,80.02,84.68,4.66,mastered,0,continue,M0041,2026-03-21
U00157,Programming,Conditional Logic,medium,20,8,12,40.0,1,38,45.05,76.25,31.2,weak,1,remedial,M0020,2026-03-15
U00158,Science,Matter,easy,20,1,19,5.0,1,31,1.63,27.55,25.92,weak,1,remedial,M0060,2026-04-26
U00159,English,Writing,medium,15,13,2,86.67,1,32,92.13,96.22,4.09,mastered,0,continue,M0043,2026-02-01
U00160,Business,Financial Literacy,medium,20,12,8,60.0,2,46,58.33,64.25,5.92,partial,0,review,M0079,2026-05-29
U00161,Business,Entrepreneurship,medium,10,6,4,60.0,3,51,59.02,64.34,5.32,partial,0,review,M0087,2026-04-07
U00162,English,Grammar,easy,5,3,2,60.0,4,30,60.87,64.7,3.83,partial,0,review,M0034,2026-04-26
U00163,English,Reading Comprehension,medium,20,0,20,0.0,2,55,5.38,31.83,26.45,weak,1,remedial,M0039,2026-03-07
U00164,Mathematics,Geometry,easy,5,0,5,0.0,3,50,4.71,16.17,11.46,weak,1,remedial,M0009,2026-03-10
U00165,Digital Literacy,Internet Safety,medium,15,2,13,13.33,2,30,13.87,38.87,25.0,weak,1,remedial,M0062,2026-03-22
U00166,Digital Literacy,File Management,hard,20,9,11,45.0,2,52,45.9,79.05,33.15,weak,1,remedial,M0067,2026-01-25
U00167,Mathematics,Statistics,medium,10,7,3,70.0,1,37,74.93,82.51,7.58,partial,0,review,M0010,2026-03-27
U00168,English,Tenses,medium,5,5,0,100.0,1,36,92.81,96.47,3.66,mastered,0,continue,M0041,2026-04-25
U00169,Digital Literacy,Basic Troubleshooting,medium,10,10,0,100.0,2,13,100,100,0,mastered,0,continue,M0074,2026-04-21
U00170,English,Writing,easy,20,10,10,50.0,1,18,49.2,59.77,10.57,weak,1,remedial,M0043,2026-05-18
U00171,Programming,Conditional Logic,medium,15,10,5,66.67,4,35,66.81,78.33,11.52,partial,0,review,M0020,2026-05-05
U00172,Digital Literacy,Basic Troubleshooting,easy,10,8,2,80.0,4,67,86.25,90.32,4.07,mastered,0,continue,M0073,2026-05-23
U00173,English,Grammar,easy,20,15,5,75.0,4,56,75.92,90.3,14.38,partial,0,review,M0034,2026-02-17
U00174,English,Grammar,medium,15,14,1,93.33,1,34,85.85,89.67,3.82,mastered,0,continue,M0034,2026-03-11
U00175,Science,Force and Motion,medium,10,9,1,90.0,3,40,95.23,95.44,0.21,mastered,0,continue,M0049,2026-05-13
U00176,Digital Literacy,Online Collaboration,hard,5,1,4,20.0,2,51,12.87,35.79,22.92,weak,1,remedial,M0070,2026-04-29
U00177,Business,Entrepreneurship,easy,5,2,3,40.0,1,21,34.62,62.95,28.33,weak,1,remedial,M0085,2026-01-30
U00178,Business,Entrepreneurship,medium,5,2,3,40.0,2,32,34.4,66.12,31.72,weak,1,remedial,M0085,2026-01-14
U00179,Science,Energy,easy,20,3,17,15.0,1,32,16.25,41.33,25.08,weak,1,remedial,M0053,2026-01-23
U00180,Mathematics,Fractions,medium,10,2,8,20.0,3,53,13.04,34.81,21.77,weak,1,remedial,M0001,2026-03-12
U00181,English,Writing,medium,10,6,4,60.0,1,47,60.32,70.9,10.58,partial,0,review,M0044,2026-02-16
U00182,Digital Literacy,Data Privacy,medium,10,7,3,70.0,1,48,62.1,73.33,11.23,partial,0,review,M0065,2026-04-12
U00183,Business,Business Communication,medium,5,3,2,60.0,2,53,52.9,62.15,9.25,partial,0,review,M0090,2026-03-22
U00184,Digital Literacy,Basic Troubleshooting,easy,15,12,3,80.0,2,15,87.21,88.29,1.08,mastered,0,continue,M0074,2026-02-14
U00185,Mathematics,Geometry,medium,10,2,8,20.0,2,42,12.07,45.38,33.31,weak,1,remedial,M0009,2026-01-23
U00186,English,Tenses,hard,5,4,1,80.0,1,35,73.88,74.63,0.75,mastered,0,continue,M0041,2026-01-30
U00187,Mathematics,Linear Equations,medium,5,4,1,80.0,1,46,82.81,83.34,0.53,mastered,0,continue,M0013,2026-01-23
U00188,Science,Ecosystem,easy,20,9,11,45.0,3,51,51.12,72.45,21.33,weak,1,remedial,M0055,2026-01-17
U00189,Science,Cells,medium,20,15,5,75.0,3,46,68.83,78.98,10.15,partial,0,review,M0047,2026-05-23
U00190,Mathematics,Statistics,easy,20,5,15,25.0,1,12,32.72,51.33,18.61,weak,1,remedial,M0010,2026-05-30
U00191,Mathematics,Linear Equations,hard,20,19,1,95.0,4,66,97.37,98.09,0.72,mastered,0,continue,M0014,2026-04-22
U00192,Programming,Variables,easy,20,17,3,85.0,3,44,85.42,89.72,4.3,mastered,0,continue,M0017,2026-04-30
U00193,Digital Literacy,Internet Safety,medium,5,0,5,0.0,1,18,1.18,19.47,18.29,weak,1,remedial,M0062,2026-03-17
U00194,English,Grammar,easy,15,14,1,93.33,2,43,87.75,89.98,2.23,mastered,0,continue,M0034,2026-03-08
U00195,Business,Financial Literacy,medium,5,3,2,60.0,2,48,57.52,68.23,10.71,partial,0,review,M0079,2026-01-14
U00196,Programming,Functions,medium,15,6,9,40.0,1,54,44.84,61.22,16.38,weak,1,remedial,M0027,2026-04-11
U00197,Science,Force and Motion,medium,10,9,1,90.0,2,63,83.38,86.4,3.02,mastered,0,continue,M0050,2026-05-25
U00198,Programming,Variables,medium,15,13,2,86.67,1,56,84.95,88.18,3.23,mastered,0,continue,M0016,2026-02-06
U00199,Digital Literacy,Online Collaboration,easy,5,1,4,20.0,1,24,21.19,44.07,22.88,weak,1,remedial,M0071,2026-05-03
U00200,Science,Ecosystem,hard,5,2,3,40.0,1,26,40.55,74.57,34.02,weak,1,remedial,M0055,2026-04-28
U00201,English,Grammar,easy,5,4,1,80.0,5,55,84.68,87.9,3.22,mastered,0,continue,M0035,2026-05-17
U00202,Science,Cells,easy,5,2,3,40.0,1,40,33.15,61.54,28.39,weak,1,remedial,M0047,2026-01-05
U00203,Science,Matter,easy,10,0,10,0.0,3,42,0,27.1,27.1,weak,1,remedial,M0060,2026-02-05
U00204,English,Grammar,medium,10,8,2,80.0,1,28,74.87,75.32,0.45,mastered,0,continue,M0036,2026-03-14
U00205,Science,Ecosystem,medium,10,3,7,30.0,5,76,35.8,70.47,34.67,weak,1,remedial,M0057,2026-02-26
U00206,Science,Force and Motion,easy,10,5,5,50.0,1,28,50.6,64.55,13.95,weak,1,remedial,M0049,2026-05-05
U00207,Digital Literacy,Internet Safety,easy,10,10,0,100.0,4,63,99.28,100,0.72,mastered,0,continue,M0061,2026-04-28
U00208,Business,Financial Literacy,medium,15,9,6,60.0,3,69,56.47,68.23,11.76,partial,0,review,M0081,2026-03-05
U00209,Programming,Loops,medium,10,10,0,100.0,1,36,94.12,95.6,1.48,mastered,0,continue,M0024,2026-01-24
U00210,Mathematics,Statistics,medium,10,8,2,80.0,1,14,76.32,81.05,4.73,mastered,0,continue,M0012,2026-05-28
U00211,Programming,Variables,medium,15,10,5,66.67,2,44,64.19,73.02,8.83,partial,0,review,M0018,2026-02-01
U00212,Science,Matter,medium,15,11,4,73.33,1,42,76.25,90.43,14.18,partial,0,review,M0059,2026-03-30
U00213,Science,Ecosystem,medium,5,2,3,40.0,1,50,34.75,51.25,16.5,weak,1,remedial,M0056,2026-04-06
U00214,English,Vocabulary,easy,15,15,0,100.0,1,44,96.82,100,3.18,mastered,0,continue,M0032,2026-05-08
U00215,Programming,Functions,hard,10,0,10,0.0,1,38,0,31.02,31.02,weak,1,remedial,M0026,2026-04-02
U00216,Mathematics,Geometry,easy,10,10,0,100.0,4,46,97.91,99.77,1.86,mastered,0,continue,M0008,2026-03-30
U00217,English,Reading Comprehension,hard,5,1,4,20.0,3,54,16.85,51.56,34.71,weak,1,remedial,M0039,2026-03-27
U00218,Mathematics,Linear Equations,medium,5,1,4,20.0,2,41,25.16,42.71,17.55,weak,1,remedial,M0015,2026-03-19
U00219,Science,Matter,medium,10,4,6,40.0,2,26,42.05,63.95,21.9,weak,1,remedial,M0060,2026-01-31
U00220,English,Writing,medium,5,2,3,40.0,2,36,44.26,58.84,14.58,weak,1,remedial,M0043,2026-02-12
U00221,Digital Literacy,File Management,hard,15,6,9,40.0,3,53,38.68,71.58,32.9,weak,1,remedial,M0067,2026-02-03
U00222,Mathematics,Statistics,easy,15,10,5,66.67,2,19,66.18,80.08,13.9,partial,0,review,M0010,2026-01-17
U00223,English,Vocabulary,medium,5,3,2,60.0,2,55,52.22,57.82,5.6,partial,0,review,M0031,2026-03-14
U00224,Programming,Data Structures,easy,5,4,1,80.0,1,38,84.18,85.75,1.57,mastered,0,continue,M0029,2026-01-29
U00225,Digital Literacy,Data Privacy,medium,15,11,4,73.33,2,53,75.87,79.89,4.02,partial,0,review,M0064,2026-04-12
U00226,Science,Matter,hard,10,3,7,30.0,2,59,31.65,51.76,20.11,weak,1,remedial,M0059,2026-05-11
U00227,English,Grammar,medium,5,2,3,40.0,2,41,41.97,70.97,29.0,weak,1,remedial,M0036,2026-05-14
U00228,Science,Ecosystem,easy,20,17,3,85.0,2,44,86.16,88.54,2.38,mastered,0,continue,M0055,2026-05-10
U00229,Mathematics,Statistics,easy,20,19,1,95.0,1,14,88.6,91.98,3.38,mastered,0,continue,M0011,2026-05-08
U00230,Digital Literacy,File Management,easy,15,10,5,66.67,1,22,71.4,82.22,10.82,partial,0,review,M0068,2026-05-10
U00231,English,Tenses,medium,15,4,11,26.67,2,35,21.03,34.79,13.76,weak,1,remedial,M0042,2026-03-18
U00232,Science,Ecosystem,easy,5,5,0,100.0,3,41,96.97,99.4,2.43,mastered,0,continue,M0056,2026-04-19
U00233,Business,Marketing Basics,easy,15,3,12,20.0,1,43,26.93,49.98,23.05,weak,1,remedial,M0078,2026-05-15
U00234,English,Tenses,hard,10,6,4,60.0,2,63,63.19,67.55,4.36,partial,0,review,M0042,2026-04-19
U00235,Science,Force and Motion,hard,10,2,8,20.0,4,48,18.29,52.74,34.45,weak,1,remedial,M0050,2026-03-19
U00236,Mathematics,Algebra Basics,easy,10,10,0,100.0,2,51,97.63,100,2.37,mastered,0,continue,M0006,2026-03-25
U00237,Science,Cells,medium,10,9,1,90.0,1,22,86.17,89.61,3.44,mastered,0,continue,M0047,2026-03-14
U00238,Programming,Variables,medium,10,3,7,30.0,2,47,24.39,58.34,33.95,weak,1,remedial,M0016,2026-05-26
U00239,Mathematics,Fractions,medium,20,11,9,55.0,2,54,60.94,95.3,34.36,weak,1,remedial,M0002,2026-02-24
U00240,Business,Entrepreneurship,medium,15,11,4,73.33,1,44,73.22,80.29,7.07,partial,0,review,M0086,2026-02-03
U00241,Mathematics,Geometry,medium,20,17,3,85.0,1,37,83.98,88.96,4.98,mastered,0,continue,M0008,2026-01-11
U00242,Science,Energy,hard,20,9,11,45.0,1,62,51.87,64.52,12.65,weak,1,remedial,M0053,2026-02-09
U00243,Mathematics,Fractions,medium,20,11,9,55.0,1,28,59.9,77.65,17.75,weak,1,remedial,M0003,2026-02-03
U00244,English,Vocabulary,hard,10,6,4,60.0,1,47,59.93,70.48,10.55,partial,0,review,M0033,2026-01-22
U00245,English,Tenses,medium,20,2,18,10.0,3,44,14.12,35.37,21.25,weak,1,remedial,M0041,2026-03-29
U00246,Programming,Conditional Logic,easy,15,13,2,86.67,1,45,94.2,98.5,4.3,mastered,0,continue,M0019,2026-05-04
U00247,Business,Financial Literacy,medium,20,17,3,85.0,3,53,83.39,85.96,2.57,mastered,0,continue,M0081,2026-05-05
U00248,Programming,Variables,medium,20,17,3,85.0,4,56,87.44,89.24,1.8,mastered,0,continue,M0017,2026-02-11
U00249,Digital Literacy,Data Privacy,easy,5,4,1,80.0,1,37,74.54,78.68,4.14,mastered,0,continue,M0066,2026-01-09
U00250,Mathematics,Geometry,medium,10,4,6,40.0,2,38,45.47,58.24,12.77,weak,1,remedial,M0007,2026-01-27
U00251,Digital Literacy,Internet Safety,medium,10,8,2,80.0,3,44,73.36,75.22,1.86,mastered,0,continue,M0062,2026-04-03
U00252,Business,Financial Literacy,easy,20,4,16,20.0,5,64,18.71,50.85,32.14,weak,1,remedial,M0081,2026-05-22
U00253,English,Reading Comprehension,hard,5,1,4,20.0,1,52,24.41,56.43,32.02,weak,1,remedial,M0037,2026-01-10
U00254,Digital Literacy,File Management,medium,10,8,2,80.0,3,37,85.47,86.77,1.3,mastered,0,continue,M0069,2026-04-01
U00255,Mathematics,Fractions,medium,5,4,1,80.0,3,51,82.67,86.75,4.08,mastered,0,continue,M0003,2026-02-05
U00256,Business,Entrepreneurship,medium,10,9,1,90.0,2,53,94.46,98.82,4.36,mastered,0,continue,M0087,2026-05-08
U00257,Business,Entrepreneurship,hard,20,17,3,85.0,1,57,83.75,88.43,4.68,mastered,0,continue,M0086,2026-03-14
U00258,Programming,Conditional Logic,hard,20,1,19,5.0,1,60,0,14.14,14.14,weak,1,remedial,M0019,2026-05-27
U00259,Business,Customer Service,medium,5,2,3,40.0,5,61,45.28,76.25,30.97,weak,1,remedial,M0084,2026-04-24
U00260,Mathematics,Linear Equations,medium,20,10,10,50.0,1,45,51.55,67.46,15.91,weak,1,remedial,M0015,2026-05-10
U00261,Science,Cells,easy,15,8,7,53.33,3,32,59.91,81.2,21.29,weak,1,remedial,M0046,2026-04-29
U00262,Digital Literacy,File Management,medium,10,1,9,10.0,1,36,4.23,28.14,23.91,weak,1,remedial,M0068,2026-04-21
U00263,Programming,Data Structures,medium,15,12,3,80.0,2,41,86.03,89.29,3.26,mastered,0,continue,M0030,2026-01-08
U00264,Business,Entrepreneurship,medium,15,6,9,40.0,1,41,39.89,67.49,27.6,weak,1,remedial,M0087,2026-02-23
U00265,Mathematics,Algebra Basics,hard,20,4,16,20.0,1,40,25.66,43.73,18.07,weak,1,remedial,M0005,2026-03-12
U00266,Mathematics,Linear Equations,medium,15,8,7,53.33,4,44,58.78,74.96,16.18,weak,1,remedial,M0014,2026-03-03
U00267,English,Vocabulary,hard,10,6,4,60.0,1,41,56.72,64.3,7.58,partial,0,review,M0031,2026-04-16
U00268,Programming,Data Structures,medium,5,2,3,40.0,1,27,32.2,60.03,27.83,weak,1,remedial,M0030,2026-02-19
U00269,Digital Literacy,Data Privacy,medium,15,5,10,33.33,1,40,34.28,45.65,11.37,weak,1,remedial,M0065,2026-02-20
U00270,Programming,Conditional Logic,medium,15,5,10,33.33,3,69,38.36,68.54,30.18,weak,1,remedial,M0020,2026-02-22
U00271,Science,Force and Motion,hard,5,4,1,80.0,4,63,80.87,81.76,0.89,mastered,0,continue,M0049,2026-02-15
U00272,English,Vocabulary,easy,10,5,5,50.0,4,40,54.72,69.51,14.79,weak,1,remedial,M0032,2026-04-06
U00273,English,Writing,medium,10,7,3,70.0,1,23,74.02,81.51,7.49,partial,0,review,M0045,2026-04-29
U00274,Programming,Loops,medium,20,19,1,95.0,2,58,93.54,97.56,4.02,mastered,0,continue,M0023,2026-03-11
U00275,Science,Cells,easy,10,6,4,60.0,3,47,54.21,67.47,13.26,partial,0,review,M0048,2026-05-20
U00276,English,Vocabulary,medium,15,15,0,100.0,1,51,95.01,98.86,3.85,mastered,0,continue,M0033,2026-04-17
U00277,Programming,Functions,medium,5,2,3,40.0,1,41,37.22,47.8,10.58,weak,1,remedial,M0025,2026-02-05
U00278,Programming,Loops,medium,20,17,3,85.0,1,26,78.77,81.45,2.68,mastered,0,continue,M0023,2026-01-18
U00279,Science,Force and Motion,easy,10,6,4,60.0,1,20,59.4,62.87,3.47,partial,0,review,M0049,2026-03-15
U00280,Business,Entrepreneurship,easy,15,11,4,73.33,1,26,77.52,81.97,4.45,partial,0,review,M0086,2026-01-20
U00281,Mathematics,Linear Equations,medium,15,15,0,100.0,2,43,100,100,0,mastered,0,continue,M0013,2026-03-17
U00282,Mathematics,Linear Equations,medium,10,1,9,10.0,1,44,6.93,18.24,11.31,weak,1,remedial,M0013,2026-01-13
U00283,Science,Force and Motion,hard,15,3,12,20.0,1,49,16.46,42.06,25.6,weak,1,remedial,M0049,2026-01-18
U00284,Programming,Functions,easy,20,13,7,65.0,2,51,57.96,65.45,7.49,partial,0,review,M0026,2026-02-21
U00285,Programming,Functions,easy,5,2,3,40.0,3,39,32.87,65.81,32.94,weak,1,remedial,M0025,2026-02-26
U00286,Digital Literacy,Online Collaboration,medium,10,6,4,60.0,1,44,54.82,60.81,5.99,partial,0,review,M0071,2026-05-28
U00287,Science,Force and Motion,easy,20,8,12,40.0,2,40,32.21,54.73,22.52,weak,1,remedial,M0051,2026-04-06
U00288,Science,Ecosystem,hard,20,4,16,20.0,2,58,22.33,38.86,16.53,weak,1,remedial,M0056,2026-02-07
U00289,English,Grammar,medium,10,0,10,0.0,1,35,6.02,34.21,28.19,weak,1,remedial,M0034,2026-01-28
U00290,Business,Business Communication,medium,15,13,2,86.67,3,60,81.74,86.65,4.91,mastered,0,continue,M0089,2026-04-23
U00291,Business,Business Communication,easy,10,9,1,90.0,2,44,89.77,93.55,3.78,mastered,0,continue,M0090,2026-04-20
U00292,English,Reading Comprehension,medium,15,6,9,40.0,1,37,47.78,81.72,33.94,weak,1,remedial,M0038,2026-01-05
U00293,Business,Customer Service,hard,15,6,9,40.0,2,69,47.94,82.62,34.68,weak,1,remedial,M0083,2026-02-13
U00294,Science,Cells,medium,10,3,7,30.0,2,54,29.87,59.76,29.89,weak,1,remedial,M0047,2026-02-27
U00295,Digital Literacy,Basic Troubleshooting,easy,15,6,9,40.0,1,42,45.55,80.05,34.5,weak,1,remedial,M0074,2026-04-04
U00296,Business,Financial Literacy,medium,10,7,3,70.0,2,49,72.1,77.69,5.59,partial,0,review,M0080,2026-04-07
U00297,Mathematics,Geometry,easy,10,10,0,100.0,2,31,93.15,96.78,3.63,mastered,0,continue,M0008,2026-02-19
U00298,Business,Business Communication,medium,10,4,6,40.0,4,65,38.02,72.59,34.57,weak,1,remedial,M0090,2026-02-13
U00299,Mathematics,Fractions,medium,20,8,12,40.0,2,42,41.17,65.49,24.32,weak,1,remedial,M0002,2026-01-25
U00300,Digital Literacy,Data Privacy,medium,20,13,7,65.0,1,38,57.63,67.53,9.9,partial,0,review,M0066,2026-02-11
U00301,Mathematics,Linear Equations,easy,5,2,3,40.0,4,45,34.24,56.5,22.26,weak,1,remedial,M0014,2026-05-14
U00302,English,Writing,medium,10,10,0,100.0,2,56,100,100,0,mastered,0,continue,M0045,2026-02-06
U00303,Digital Literacy,Data Privacy,easy,15,11,4,73.33,4,49,71.36,85.99,14.63,partial,0,review,M0065,2026-01-27
U00304,Mathematics,Algebra Basics,medium,15,15,0,100.0,2,46,100,100,0,mastered,0,continue,M0004,2026-04-07
U00305,Digital Literacy,File Management,easy,15,8,7,53.33,3,48,46.25,74.84,28.59,weak,1,remedial,M0069,2026-05-07
U00306,Mathematics,Statistics,medium,10,1,9,10.0,2,42,11.75,36.93,25.18,weak,1,remedial,M0010,2026-05-15
U00307,Programming,Conditional Logic,easy,10,7,3,70.0,2,38,76.93,87.65,10.72,partial,0,review,M0019,2026-04-29
U00308,Digital Literacy,Online Collaboration,easy,5,5,0,100.0,1,39,100,100,0,mastered,0,continue,M0071,2026-04-06
U00309,English,Reading Comprehension,medium,10,8,2,80.0,4,84,73.9,76.35,2.45,mastered,0,continue,M0038,2026-02-02
U00310,English,Tenses,medium,20,8,12,40.0,1,31,36.38,51.18,14.8,weak,1,remedial,M0040,2026-04-20
U00311,Mathematics,Linear Equations,easy,5,5,0,100.0,1,45,95.95,100,4.05,mastered,0,continue,M0013,2026-01-11
U00312,Mathematics,Fractions,medium,15,10,5,66.67,1,33,70.55,74.99,4.44,partial,0,review,M0003,2026-02-18
U00313,Programming,Functions,hard,5,1,4,20.0,3,50,17.86,43.61,25.75,weak,1,remedial,M0025,2026-04-22
U00314,Mathematics,Statistics,medium,5,1,4,20.0,1,35,21.72,36.89,15.17,weak,1,remedial,M0010,2026-02-10
U00315,Digital Literacy,Data Privacy,medium,5,5,0,100.0,1,39,94.37,98.79,4.42,mastered,0,continue,M0064,2026-03-11
U00316,Mathematics,Algebra Basics,hard,10,4,6,40.0,1,49,47.44,61.86,14.42,weak,1,remedial,M0004,2026-05-18
U00317,Business,Business Communication,easy,20,17,3,85.0,2,39,83.82,86.1,2.28,mastered,0,continue,M0090,2026-04-14
U00318,Mathematics,Linear Equations,easy,5,5,0,100.0,2,42,92.22,97.05,4.83,mastered,0,continue,M0013,2026-05-19
U00319,Business,Customer Service,hard,5,2,3,40.0,1,49,36.75,59.54,22.79,weak,1,remedial,M0083,2026-02-06
U00320,Mathematics,Algebra Basics,easy,20,15,5,75.0,2,32,77.0,83.44,6.44,partial,0,review,M0004,2026-03-11
U00321,Science,Energy,hard,5,2,3,40.0,3,64,34.04,63.23,29.19,weak,1,remedial,M0053,2026-03-23
U00322,Science,Ecosystem,medium,20,20,0,100.0,4,63,97.77,100,2.23,mastered,0,continue,M0055,2026-03-17
U00323,Science,Force and Motion,hard,20,16,4,80.0,2,49,77.4,81.31,3.91,mastered,0,continue,M0051,2026-01-04
U00324,English,Vocabulary,easy,5,4,1,80.0,1,40,75.64,80.3,4.66,mastered,0,continue,M0032,2026-01-24
U00325,Digital Literacy,Online Collaboration,hard,10,9,1,90.0,1,46,87.8,91.69,3.89,mastered,0,continue,M0071,2026-01-08
U00326,Programming,Loops,easy,5,2,3,40.0,2,41,44.64,55.78,11.14,weak,1,remedial,M0023,2026-01-24
U00327,English,Vocabulary,hard,15,8,7,53.33,1,50,47.58,75.54,27.96,weak,1,remedial,M0033,2026-05-13
U00328,Business,Business Communication,medium,15,11,4,73.33,4,71,73.31,81.77,8.46,partial,0,review,M0088,2026-03-17
U00329,Programming,Variables,easy,15,7,8,46.67,1,39,45.87,77.81,31.94,weak,1,remedial,M0018,2026-01-11
U00330,Digital Literacy,Internet Safety,medium,10,8,2,80.0,1,44,73.73,78.53,4.8,mastered,0,continue,M0062,2026-04-21
U00331,Programming,Functions,easy,15,9,6,60.0,3,36,54.82,59.52,4.7,partial,0,review,M0026,2026-04-14
U00332,Mathematics,Geometry,hard,20,13,7,65.0,1,50,72.78,87.05,14.27,partial,0,review,M0009,2026-03-23
U00333,Mathematics,Algebra Basics,hard,10,2,8,20.0,2,55,15.46,30.7,15.24,weak,1,remedial,M0004,2026-05-28
U00334,Mathematics,Geometry,hard,5,2,3,40.0,4,51,39.34,58.67,19.33,weak,1,remedial,M0009,2026-02-11
U00335,Digital Literacy,Online Collaboration,medium,20,20,0,100.0,2,57,100,100,0,mastered,0,continue,M0071,2026-02-27
U00336,Digital Literacy,File Management,easy,15,14,1,93.33,1,23,100,100,0,mastered,0,continue,M0069,2026-02-14
U00337,Science,Energy,medium,20,13,7,65.0,1,34,60.1,73.19,13.09,partial,0,review,M0054,2026-04-07
U00338,English,Vocabulary,easy,10,8,2,80.0,1,25,73.18,77.98,4.8,mastered,0,continue,M0031,2026-02-23
U00339,Business,Entrepreneurship,medium,15,14,1,93.33,3,53,99.71,99.86,0.15,mastered,0,continue,M0085,2026-02-26
U00340,Mathematics,Algebra Basics,easy,20,7,13,35.0,1,40,33.13,48.12,14.99,weak,1,remedial,M0005,2026-04-06
U00341,Business,Marketing Basics,medium,5,2,3,40.0,1,41,34.32,52.18,17.86,weak,1,remedial,M0076,2026-03-23
U00342,Business,Marketing Basics,medium,10,6,4,60.0,1,48,55.15,67.78,12.63,partial,0,review,M0077,2026-01-12
U00343,English,Tenses,easy,20,8,12,40.0,2,24,39.27,70.49,31.22,weak,1,remedial,M0040,2026-04-06
U00344,Digital Literacy,Internet Safety,easy,5,5,0,100.0,4,58,92.69,92.93,0.24,mastered,0,continue,M0062,2026-01-20
U00345,English,Reading Comprehension,medium,20,11,9,55.0,3,52,62.55,74.06,11.51,weak,1,remedial,M0037,2026-02-25
U00346,Science,Ecosystem,easy,5,1,4,20.0,1,34,26.67,46.31,19.64,weak,1,remedial,M0056,2026-05-12
U00347,Programming,Functions,easy,15,15,0,100.0,1,40,100,100,0,mastered,0,continue,M0025,2026-04-14
U00348,Programming,Data Structures,easy,20,18,2,90.0,1,33,96.52,99.63,3.11,mastered,0,continue,M0030,2026-03-20
U00349,Business,Financial Literacy,easy,5,3,2,60.0,3,52,59.58,62.59,3.01,partial,0,review,M0079,2026-05-01
U00350,Mathematics,Fractions,hard,15,7,8,46.67,2,53,40.47,67.61,27.14,weak,1,remedial,M0003,2026-01-06
U00351,Programming,Functions,hard,10,4,6,40.0,4,74,37.58,55.86,18.28,weak,1,remedial,M0027,2026-04-17
U00352,English,Reading Comprehension,easy,15,11,4,73.33,2,56,65.41,72.64,7.23,partial,0,review,M0037,2026-01-13
U00353,English,Grammar,medium,15,9,6,60.0,3,61,56.0,64.0,8.0,partial,0,review,M0034,2026-03-19
U00354,English,Vocabulary,easy,20,18,2,90.0,1,44,88.45,88.48,0.03,mastered,0,continue,M0033,2026-04-28
U00355,Mathematics,Fractions,easy,5,3,2,60.0,1,41,59.92,65.6,5.68,partial,0,review,M0003,2026-02-09
U00356,English,Reading Comprehension,medium,5,4,1,80.0,2,57,78.25,82.88,4.63,mastered,0,continue,M0038,2026-04-14
U00357,Science,Force and Motion,hard,15,3,12,20.0,1,37,12.45,33.88,21.43,weak,1,remedial,M0051,2026-04-10
U00358,Mathematics,Linear Equations,easy,20,7,13,35.0,2,42,37.54,61.94,24.4,weak,1,remedial,M0015,2026-05-15
U00359,English,Grammar,medium,15,7,8,46.67,1,38,44.66,70.44,25.78,weak,1,remedial,M0034,2026-02-14
U00360,English,Vocabulary,medium,20,8,12,40.0,2,34,35.04,50.23,15.19,weak,1,remedial,M0032,2026-05-09
U00361,English,Reading Comprehension,medium,10,8,2,80.0,1,26,74.53,75.97,1.44,mastered,0,continue,M0039,2026-05-28
U00362,Programming,Data Structures,hard,15,6,9,40.0,4,80,46.47,74.05,27.58,weak,1,remedial,M0028,2026-03-30
U00363,Mathematics,Statistics,medium,5,3,2,60.0,4,74,55.14,65.44,10.3,partial,0,review,M0011,2026-01-05
U00364,Digital Literacy,Online Collaboration,easy,20,14,6,70.0,1,33,67.59,78.45,10.86,partial,0,review,M0070,2026-03-16
U00365,Programming,Data Structures,medium,5,4,1,80.0,4,57,77.1,79.81,2.71,mastered,0,continue,M0028,2026-01-14
U00366,English,Tenses,medium,20,14,6,70.0,1,60,62.71,68.18,5.47,partial,0,review,M0040,2026-04-21
U00367,Digital Literacy,Internet Safety,medium,5,5,0,100.0,1,44,98.84,100,1.16,mastered,0,continue,M0063,2026-01-15
U00368,Mathematics,Linear Equations,medium,15,13,2,86.67,1,29,89.22,93.13,3.91,mastered,0,continue,M0015,2026-01-04
U00369,Mathematics,Geometry,medium,15,12,3,80.0,1,48,82.5,83.66,1.16,mastered,0,continue,M0009,2026-01-10
U00370,Programming,Data Structures,hard,15,9,6,60.0,2,71,66.01,70.73,4.72,partial,0,review,M0029,2026-04-03
U00371,English,Tenses,hard,15,3,12,20.0,5,74,26.97,42.58,15.61,weak,1,remedial,M0042,2026-05-28
U00372,Business,Business Communication,medium,5,5,0,100.0,1,40,100,100,0,mastered,0,continue,M0089,2026-03-22
U00373,Business,Marketing Basics,medium,20,16,4,80.0,2,48,86.02,86.1,0.08,mastered,0,continue,M0076,2026-04-18
U00374,English,Writing,medium,20,18,2,90.0,1,17,95.36,96.81,1.45,mastered,0,continue,M0044,2026-02-04
U00375,Business,Financial Literacy,medium,5,3,2,60.0,1,26,60.13,74.27,14.14,partial,0,review,M0080,2026-03-24
U00376,Science,Energy,medium,10,0,10,0.0,1,37,1.7,14.35,12.65,weak,1,remedial,M0052,2026-03-13
U00377,Programming,Variables,easy,10,5,5,50.0,4,65,43.86,62.7,18.84,weak,1,remedial,M0016,2026-02-26
U00378,Business,Marketing Basics,easy,15,7,8,46.67,2,36,42.91,56.7,13.79,weak,1,remedial,M0076,2026-05-08
U00379,English,Grammar,easy,5,3,2,60.0,2,40,55.71,62.22,6.51,partial,0,review,M0035,2026-05-06
U00380,Business,Entrepreneurship,medium,20,7,13,35.0,2,52,33.58,63.81,30.23,weak,1,remedial,M0086,2026-04-13
U00381,English,Vocabulary,easy,10,8,2,80.0,1,24,84.27,87.03,2.76,mastered,0,continue,M0033,2026-01-13
U00382,Digital Literacy,Data Privacy,medium,10,7,3,70.0,1,17,62.39,72.97,10.58,partial,0,review,M0066,2026-03-05
U00383,Mathematics,Geometry,medium,20,11,9,55.0,2,43,62.47,86.49,24.02,weak,1,remedial,M0008,2026-03-14
U00384,Business,Business Communication,medium,20,7,13,35.0,2,49,30.72,59.91,29.19,weak,1,remedial,M0089,2026-04-16
U00385,English,Reading Comprehension,hard,5,2,3,40.0,2,72,33.3,45.93,12.63,weak,1,remedial,M0039,2026-01-20
U00386,Science,Force and Motion,medium,10,7,3,70.0,3,26,76.08,82.33,6.25,partial,0,review,M0050,2026-04-06
U00387,Digital Literacy,Data Privacy,easy,10,8,2,80.0,2,38,83.22,84.22,1.0,mastered,0,continue,M0064,2026-05-18
U00388,Science,Energy,easy,20,14,6,70.0,1,30,71.21,84.45,13.24,partial,0,review,M0054,2026-03-12
U00389,Business,Business Communication,medium,20,12,8,60.0,1,45,59.07,70.41,11.34,partial,0,review,M0089,2026-01-31
U00390,Digital Literacy,Online Collaboration,medium,10,3,7,30.0,1,47,26.97,39.32,12.35,weak,1,remedial,M0071,2026-03-06
U00391,Digital Literacy,Internet Safety,medium,5,5,0,100.0,2,36,94.78,98.53,3.75,mastered,0,continue,M0063,2026-05-20
U00392,Mathematics,Fractions,medium,10,5,5,50.0,5,56,53.55,72.71,19.16,weak,1,remedial,M0001,2026-04-14
U00393,Science,Cells,easy,10,9,1,90.0,1,44,84.97,87.93,2.96,mastered,0,continue,M0046,2026-02-13
U00394,Mathematics,Algebra Basics,medium,20,13,7,65.0,1,47,67.1,80.08,12.98,partial,0,review,M0004,2026-05-30
U00395,Science,Force and Motion,medium,10,9,1,90.0,2,36,91.02,94.31,3.29,mastered,0,continue,M0049,2026-03-24
U00396,Business,Marketing Basics,medium,5,2,3,40.0,2,46,41.5,68.86,27.36,weak,1,remedial,M0078,2026-04-13
U00397,Science,Force and Motion,easy,15,12,3,80.0,2,46,84.62,84.89,0.27,mastered,0,continue,M0049,2026-03-21
U00398,Programming,Loops,medium,10,7,3,70.0,2,56,68.3,73.85,5.55,partial,0,review,M0023,2026-04-07
U00399,Science,Force and Motion,medium,5,4,1,80.0,5,83,74.85,76.03,1.18,mastered,0,continue,M0050,2026-03-29
U00400,Digital Literacy,Internet Safety,medium,20,11,9,55.0,1,42,54.28,76.43,22.15,weak,1,remedial,M0063,2026-04-13
U00401,Science,Cells,easy,15,11,4,73.33,1,28,79.22,87.74,8.52,partial,0,review,M0046,2026-04-05
U00402,English,Tenses,easy,15,11,4,73.33,4,49,80.25,93.1,12.85,partial,0,review,M0042,2026-04-28
U00403,Mathematics,Fractions,easy,5,1,4,20.0,1,38,22.45,54.52,32.07,weak,1,remedial,M0002,2026-01-30
U00404,Programming,Data Structures,easy,15,9,6,60.0,1,28,59.4,71.88,12.48,partial,0,review,M0030,2026-03-23
U00405,Mathematics,Algebra Basics,easy,15,5,10,33.33,2,33,33.11,67.73,34.62,weak,1,remedial,M0004,2026-02-23
U00406,Business,Business Communication,medium,15,11,4,73.33,1,37,69.96,83.34,13.38,partial,0,review,M0090,2026-04-13
U00407,Digital Literacy,Online Collaboration,medium,10,5,5,50.0,1,44,46.61,69.93,23.32,weak,1,remedial,M0071,2026-04-29
U00408,Business,Financial Literacy,medium,5,0,5,0.0,1,36,0,24.23,24.23,weak,1,remedial,M0080,2026-01-24
U00409,English,Vocabulary,medium,20,12,8,60.0,1,53,65.87,80.82,14.95,partial,0,review,M0032,2026-01-19
U00410,Science,Energy,hard,5,2,3,40.0,4,68,42.07,63.07,21.0,weak,1,remedial,M0052,2026-01-27
U00411,Programming,Loops,medium,5,4,1,80.0,3,51,77.48,80.93,3.45,mastered,0,continue,M0023,2026-04-26
U00412,Business,Customer Service,medium,5,3,2,60.0,1,22,63.9,75.24,11.34,partial,0,review,M0082,2026-03-16
U00413,Science,Energy,medium,5,4,1,80.0,2,32,78.05,82.68,4.63,mastered,0,continue,M0054,2026-02-13
U00414,Digital Literacy,Online Collaboration,easy,20,4,16,20.0,2,36,23.86,55.68,31.82,weak,1,remedial,M0070,2026-04-25
U00415,Digital Literacy,Basic Troubleshooting,easy,15,13,2,86.67,1,31,86.32,88.53,2.21,mastered,0,continue,M0074,2026-02-20
U00416,Mathematics,Linear Equations,medium,20,8,12,40.0,1,35,32.1,64.43,32.33,weak,1,remedial,M0015,2026-05-01
U00417,Science,Force and Motion,easy,20,14,6,70.0,1,29,66.21,80.42,14.21,partial,0,review,M0050,2026-04-05
U00418,Programming,Loops,easy,15,8,7,53.33,1,23,46.52,60.53,14.01,weak,1,remedial,M0024,2026-05-03
U00419,Business,Business Communication,medium,5,5,0,100.0,1,18,93.18,98.07,4.89,mastered,0,continue,M0090,2026-04-16
U00420,Programming,Conditional Logic,medium,10,6,4,60.0,3,54,63.96,69.54,5.58,partial,0,review,M0020,2026-04-30
U00421,Programming,Functions,medium,10,9,1,90.0,1,21,94.64,97.1,2.46,mastered,0,continue,M0027,2026-03-27
U00422,Business,Marketing Basics,medium,5,1,4,20.0,2,44,17.44,40.63,23.19,weak,1,remedial,M0078,2026-04-21
U00423,Mathematics,Statistics,medium,5,5,0,100.0,1,48,100,100,0,mastered,0,continue,M0012,2026-02-09
U00424,Programming,Conditional Logic,easy,10,4,6,40.0,4,28,47.11,60.19,13.08,weak,1,remedial,M0020,2026-01-07
U00425,Science,Force and Motion,medium,20,5,15,25.0,5,70,21.96,33.59,11.63,weak,1,remedial,M0051,2026-03-18
U00426,Programming,Variables,medium,20,5,15,25.0,2,50,17.46,28.11,10.65,weak,1,remedial,M0016,2026-05-01
U00427,Mathematics,Algebra Basics,hard,5,2,3,40.0,2,34,39.05,70.47,31.42,weak,1,remedial,M0006,2026-01-01
U00428,English,Tenses,medium,15,11,4,73.33,2,55,70.59,85.28,14.69,partial,0,review,M0042,2026-05-14
U00429,Digital Literacy,Basic Troubleshooting,hard,15,6,9,40.0,2,46,41.94,65.59,23.65,weak,1,remedial,M0073,2026-03-13
U00430,Business,Business Communication,hard,15,4,11,26.67,2,55,33.7,67.86,34.16,weak,1,remedial,M0090,2026-02-16
U00431,Science,Matter,easy,10,9,1,90.0,2,41,96.89,100,3.11,mastered,0,continue,M0060,2026-04-19
U00432,Programming,Loops,easy,20,12,8,60.0,1,25,67.41,73.72,6.31,partial,0,review,M0023,2026-02-01
U00433,Business,Business Communication,hard,10,3,7,30.0,4,65,36.0,69.74,33.74,weak,1,remedial,M0088,2026-04-08
U00434,English,Vocabulary,medium,20,9,11,45.0,5,47,38.33,50.86,12.53,weak,1,remedial,M0032,2026-03-04
U00435,Digital Literacy,Online Collaboration,easy,20,9,11,45.0,4,38,52.04,82.37,30.33,weak,1,remedial,M0072,2026-04-21
U00436,Business,Marketing Basics,easy,10,6,4,60.0,5,49,56.21,68.73,12.52,partial,0,review,M0076,2026-05-23
U00437,Digital Literacy,File Management,medium,15,11,4,73.33,1,39,68.37,75.1,6.73,partial,0,review,M0069,2026-05-24
U00438,English,Writing,medium,20,19,1,95.0,1,40,98.12,99.21,1.09,mastered,0,continue,M0043,2026-04-23
U00439,Business,Financial Literacy,easy,15,8,7,53.33,1,36,59.09,93.75,34.66,weak,1,remedial,M0079,2026-05-18
U00440,Digital Literacy,Data Privacy,easy,20,17,3,85.0,4,47,77.44,80.43,2.99,mastered,0,continue,M0065,2026-02-04
U00441,Science,Force and Motion,medium,15,13,2,86.67,1,25,81.54,82.45,0.91,mastered,0,continue,M0051,2026-05-07
U00442,Business,Marketing Basics,easy,5,4,1,80.0,1,20,75.63,80.56,4.93,mastered,0,continue,M0078,2026-01-21
U00443,English,Tenses,medium,15,6,9,40.0,2,26,43.3,75.29,31.99,weak,1,remedial,M0040,2026-05-10
U00444,Programming,Functions,easy,5,5,0,100.0,1,21,99.27,100,0.73,mastered,0,continue,M0026,2026-04-25
U00445,Mathematics,Linear Equations,easy,10,6,4,60.0,2,27,60.74,66.15,5.41,partial,0,review,M0014,2026-02-04
U00446,Science,Force and Motion,easy,20,14,6,70.0,2,35,75.18,86.39,11.21,partial,0,review,M0050,2026-05-11
U00447,Digital Literacy,Data Privacy,medium,5,0,5,0.0,3,37,0,13.54,13.54,weak,1,remedial,M0064,2026-03-08
U00448,Science,Matter,medium,15,3,12,20.0,4,70,19.82,34.4,14.58,weak,1,remedial,M0059,2026-02-12
U00449,Business,Customer Service,hard,20,8,12,40.0,5,72,32.7,43.06,10.36,weak,1,remedial,M0082,2026-03-29
U00450,English,Grammar,medium,10,7,3,70.0,1,23,63.04,72.26,9.22,partial,0,review,M0034,2026-02-13
U00451,Business,Customer Service,medium,10,10,0,100.0,1,45,99.85,100,0.15,mastered,0,continue,M0084,2026-04-27
U00452,Science,Force and Motion,medium,15,5,10,33.33,2,41,32.57,66.38,33.81,weak,1,remedial,M0050,2026-04-04
U00453,English,Reading Comprehension,medium,10,7,3,70.0,1,34,75.33,87.62,12.29,partial,0,review,M0039,2026-04-16
U00454,Mathematics,Algebra Basics,easy,10,6,4,60.0,1,24,55.93,67.79,11.86,partial,0,review,M0005,2026-03-22
U00455,Digital Literacy,Basic Troubleshooting,medium,5,5,0,100.0,3,49,100,100,0,mastered,0,continue,M0073,2026-02-11
U00456,Science,Cells,medium,20,8,12,40.0,4,61,47.81,79.97,32.16,weak,1,remedial,M0046,2026-02-15
U00457,Programming,Data Structures,easy,20,16,4,80.0,1,26,82.51,85.81,3.3,mastered,0,continue,M0029,2026-05-22
U00458,Mathematics,Algebra Basics,hard,5,1,4,20.0,1,79,17.47,51.04,33.57,weak,1,remedial,M0006,2026-03-08
U00459,Digital Literacy,Data Privacy,medium,15,9,6,60.0,4,68,67.45,82.08,14.63,partial,0,review,M0066,2026-03-26
U00460,Business,Marketing Basics,medium,5,4,1,80.0,2,50,79.62,80.61,0.99,mastered,0,continue,M0077,2026-02-17
U00461,Science,Energy,medium,5,4,1,80.0,1,48,75.64,77.61,1.97,mastered,0,continue,M0054,2026-03-17
U00462,Digital Literacy,Online Collaboration,medium,15,5,10,33.33,1,25,37.67,70.53,32.86,weak,1,remedial,M0072,2026-01-17
U00463,Digital Literacy,File Management,medium,15,10,5,66.67,3,49,60.9,67.7,6.8,partial,0,review,M0069,2026-02-08
U00464,Science,Energy,easy,10,3,7,30.0,2,38,32.65,51.48,18.83,weak,1,remedial,M0052,2026-01-18
U00465,English,Tenses,medium,10,3,7,30.0,4,38,23.01,44.19,21.18,weak,1,remedial,M0041,2026-03-05
U00466,Programming,Loops,medium,15,5,10,33.33,1,58,27.7,45.74,18.04,weak,1,remedial,M0024,2026-05-06
U00467,Science,Matter,hard,15,6,9,40.0,1,59,36.73,48.24,11.51,weak,1,remedial,M0058,2026-05-15
U00468,Digital Literacy,File Management,easy,20,19,1,95.0,4,42,95.84,97.68,1.84,mastered,0,continue,M0068,2026-04-07
U00469,Digital Literacy,Internet Safety,medium,15,9,6,60.0,2,33,62.27,70.02,7.75,partial,0,review,M0061,2026-05-21
U00470,Mathematics,Algebra Basics,medium,5,5,0,100.0,3,47,100,100,0,mastered,0,continue,M0004,2026-05-09
U00471,English,Reading Comprehension,medium,20,7,13,35.0,2,40,31.17,44.15,12.98,weak,1,remedial,M0038,2026-04-26
U00472,Mathematics,Statistics,medium,20,11,9,55.0,1,46,52.24,86.85,34.61,weak,1,remedial,M0012,2026-02-12
U00473,Science,Ecosystem,medium,15,13,2,86.67,2,71,93.3,93.9,0.6,mastered,0,continue,M0057,2026-01-08
U00474,Science,Force and Motion,easy,5,5,0,100.0,2,25,94.8,94.87,0.07,mastered,0,continue,M0049,2026-01-17
U00475,English,Reading Comprehension,medium,10,5,5,50.0,2,34,44.62,71.09,26.47,weak,1,remedial,M0038,2026-05-22
U00476,Digital Literacy,Data Privacy,easy,15,11,4,73.33,1,34,80.02,94.81,14.79,partial,0,review,M0064,2026-03-29
U00477,Digital Literacy,Data Privacy,hard,10,4,6,40.0,1,51,46.99,70.07,23.08,weak,1,remedial,M0065,2026-02-26
U00478,Digital Literacy,File Management,medium,5,2,3,40.0,4,48,43.12,60.78,17.66,weak,1,remedial,M0068,2026-03-19
U00479,Programming,Data Structures,medium,10,7,3,70.0,1,36,67.11,70.48,3.37,partial,0,review,M0030,2026-05-02
U00480,Science,Matter,medium,20,15,5,75.0,1,39,69.05,82.4,13.35,partial,0,review,M0058,2026-05-10
U00481,Science,Cells,medium,20,8,12,40.0,1,47,39.89,67.74,27.85,weak,1,remedial,M0048,2026-01-30
U00482,Mathematics,Algebra Basics,easy,5,5,0,100.0,1,21,96.2,100,3.8,mastered,0,continue,M0005,2026-05-02
U00483,Science,Matter,hard,10,3,7,30.0,1,46,22.96,52.66,29.7,weak,1,remedial,M0058,2026-05-15
U00484,Business,Customer Service,medium,5,4,1,80.0,2,43,82.03,86.32,4.29,mastered,0,continue,M0082,2026-02-07
U00485,Business,Financial Literacy,hard,10,6,4,60.0,4,54,65.87,77.85,11.98,partial,0,review,M0079,2026-05-03
U00486,Digital Literacy,Basic Troubleshooting,hard,10,3,7,30.0,1,55,35.38,60.51,25.13,weak,1,remedial,M0074,2026-05-01
U00487,Digital Literacy,Online Collaboration,medium,10,7,3,70.0,1,32,70.28,78.22,7.94,partial,0,review,M0071,2026-04-19
U00488,Business,Financial Literacy,medium,10,10,0,100.0,1,56,100,100,0,mastered,0,continue,M0080,2026-03-04
U00489,Science,Ecosystem,medium,20,14,6,70.0,1,40,75.55,81.88,6.33,partial,0,review,M0057,2026-05-18
U00490,English,Grammar,medium,20,8,12,40.0,5,59,36.32,58.48,22.16,weak,1,remedial,M0034,2026-03-05
U00491,Science,Force and Motion,easy,10,9,1,90.0,1,31,92.77,94.95,2.18,mastered,0,continue,M0051,2026-03-29
U00492,English,Vocabulary,medium,20,19,1,95.0,2,38,98.59,100,1.41,mastered,0,continue,M0031,2026-04-22
U00493,English,Reading Comprehension,easy,15,11,4,73.33,4,53,68.0,71.8,3.8,partial,0,review,M0037,2026-01-14
U00494,Digital Literacy,Data Privacy,easy,20,19,1,95.0,1,40,89.49,90.15,0.66,mastered,0,continue,M0066,2026-04-05
U00495,Digital Literacy,File Management,medium,20,13,7,65.0,2,47,66.6,74.01,7.41,partial,0,review,M0068,2026-01-30
U00496,Digital Literacy,Online Collaboration,medium,15,10,5,66.67,1,32,73.83,87.59,13.76,partial,0,review,M0070,2026-03-17
U00497,English,Vocabulary,medium,20,19,1,95.0,1,26,96.37,100,3.63,mastered,0,continue,M0032,2026-04-21
U00498,Digital Literacy,Internet Safety,medium,5,4,1,80.0,1,52,72.7,72.76,0.06,mastered,0,continue,M0061,2026-02-19
U00499,Science,Matter,easy,10,10,0,100.0,2,49,100,100,0,mastered,0,continue,M0060,2026-03-26
U00500,Business,Customer Service,medium,15,10,5,66.67,1,35,60.25,69.76,9.51,partial,0,review,M0083,2026-04-16
U00501,Business,Entrepreneurship,medium,15,9,6,60.0,1,39,64.87,71.9,7.03,partial,0,review,M0087,2026-03-25
U00502,Digital Literacy,Online Collaboration,hard,5,2,3,40.0,1,54,34.84,48.18,13.34,weak,1,remedial,M0071,2026-04-02
U00503,Business,Business Communication,easy,10,9,1,90.0,2,48,93.02,93.18,0.16,mastered,0,continue,M0089,2026-02-11
U00504,Business,Entrepreneurship,hard,15,9,6,60.0,1,54,59.71,67.63,7.92,partial,0,review,M0087,2026-05-22
U00505,Business,Business Communication,easy,10,9,1,90.0,3,42,92.53,97.32,4.79,mastered,0,continue,M0090,2026-02-17
U00506,Mathematics,Algebra Basics,hard,20,7,13,35.0,1,31,35.46,60.22,24.76,weak,1,remedial,M0006,2026-02-20
U00507,Science,Cells,medium,15,13,2,86.67,4,56,87.16,87.36,0.2,mastered,0,continue,M0047,2026-03-03
U00508,Science,Cells,medium,5,2,3,40.0,2,52,32.82,67.54,34.72,weak,1,remedial,M0046,2026-05-17
U00509,Business,Business Communication,easy,5,5,0,100.0,2,55,100,100,0,mastered,0,continue,M0089,2026-03-07
U00510,Science,Force and Motion,hard,10,4,6,40.0,1,60,34.86,63.98,29.12,weak,1,remedial,M0050,2026-02-01
U00511,Digital Literacy,Basic Troubleshooting,medium,5,3,2,60.0,4,62,53.38,57.14,3.76,partial,0,review,M0073,2026-03-29
U00512,Programming,Data Structures,hard,10,1,9,10.0,3,42,16.94,46.46,29.52,weak,1,remedial,M0030,2026-04-28
U00513,Science,Energy,medium,10,10,0,100.0,2,33,100,100,0,mastered,0,continue,M0052,2026-03-23
U00514,Programming,Loops,medium,20,19,1,95.0,1,34,91.23,92.9,1.67,mastered,0,continue,M0022,2026-02-16
U00515,Digital Literacy,Data Privacy,medium,5,0,5,0.0,1,31,6.33,35.14,28.81,weak,1,remedial,M0064,2026-03-21
U00516,Science,Cells,medium,15,9,6,60.0,2,42,63.66,68.18,4.52,partial,0,review,M0048,2026-05-11
U00517,Programming,Functions,easy,15,13,2,86.67,2,36,87.9,91.97,4.07,mastered,0,continue,M0027,2026-01-31
U00518,Business,Financial Literacy,easy,5,4,1,80.0,1,15,77.46,79.7,2.24,mastered,0,continue,M0079,2026-02-01
U00519,English,Reading Comprehension,hard,20,13,7,65.0,3,42,58.04,66.49,8.45,partial,0,review,M0038,2026-02-27
U00520,Science,Force and Motion,medium,15,13,2,86.67,1,41,79.68,84.47,4.79,mastered,0,continue,M0049,2026-03-03
U00521,English,Reading Comprehension,hard,10,10,0,100.0,2,42,100,100,0,mastered,0,continue,M0038,2026-01-25
U00522,Science,Ecosystem,medium,10,7,3,70.0,5,52,63.16,74.33,11.17,partial,0,review,M0057,2026-04-23
U00523,Business,Financial Literacy,easy,10,6,4,60.0,3,49,59.62,65.94,6.32,partial,0,review,M0079,2026-01-02
U00524,Science,Force and Motion,medium,15,5,10,33.33,1,36,30.05,41.58,11.53,weak,1,remedial,M0050,2026-02-27
U00525,Digital Literacy,Data Privacy,easy,10,7,3,70.0,1,40,68.95,80.35,11.4,partial,0,review,M0064,2026-03-10
U00526,Business,Business Communication,medium,15,11,4,73.33,3,55,80.52,84.88,4.36,partial,0,review,M0089,2026-04-12
U00527,Business,Business Communication,medium,10,1,9,10.0,3,62,15.41,28.9,13.49,weak,1,remedial,M0088,2026-01-23
U00528,Digital Literacy,Data Privacy,medium,5,4,1,80.0,1,42,82.64,82.76,0.12,mastered,0,continue,M0066,2026-01-08
U00529,Mathematics,Geometry,easy,5,0,5,0.0,1,22,0.06,17.31,17.25,weak,1,remedial,M0008,2026-03-08
U00530,Programming,Variables,medium,10,8,2,80.0,1,23,82.59,87.02,4.43,mastered,0,continue,M0017,2026-03-30
U00531,Business,Customer Service,easy,15,9,6,60.0,2,24,52.27,62.76,10.49,partial,0,review,M0084,2026-05-15
U00532,Programming,Conditional Logic,easy,15,14,1,93.33,2,25,87.59,89.59,2.0,mastered,0,continue,M0021,2026-03-17
U00533,Business,Financial Literacy,medium,15,11,4,73.33,4,66,69.0,80.11,11.11,partial,0,review,M0080,2026-05-20
U00534,Business,Financial Literacy,easy,5,4,1,80.0,1,33,73.74,74.95,1.21,mastered,0,continue,M0081,2026-05-09
U00535,Digital Literacy,Data Privacy,hard,15,6,9,40.0,1,49,33.51,58.51,25.0,weak,1,remedial,M0066,2026-04-30
U00536,Business,Marketing Basics,medium,10,4,6,40.0,5,66,47.86,60.24,12.38,weak,1,remedial,M0078,2026-04-15
U00537,Digital Literacy,Basic Troubleshooting,hard,5,1,4,20.0,1,39,23.67,54.25,30.58,weak,1,remedial,M0075,2026-01-31
U00538,Business,Entrepreneurship,hard,10,4,6,40.0,1,38,34.23,69.15,34.92,weak,1,remedial,M0085,2026-02-13
U00539,Business,Financial Literacy,hard,10,0,10,0.0,1,36,0,29.77,29.77,weak,1,remedial,M0079,2026-05-13
U00540,Business,Marketing Basics,easy,10,8,2,80.0,1,31,78.88,81.63,2.75,mastered,0,continue,M0077,2026-05-27
U00541,Mathematics,Statistics,medium,20,11,9,55.0,3,19,56.29,67.91,11.62,weak,1,remedial,M0011,2026-03-15
U00542,Digital Literacy,Data Privacy,hard,20,0,20,0.0,1,45,0,22.51,22.51,weak,1,remedial,M0065,2026-05-26
U00543,Digital Literacy,Data Privacy,hard,10,2,8,20.0,4,61,15.45,39.49,24.04,weak,1,remedial,M0066,2026-02-28
U00544,Digital Literacy,Basic Troubleshooting,easy,15,10,5,66.67,3,38,67.38,72.14,4.76,partial,0,review,M0075,2026-03-10
U00545,Mathematics,Linear Equations,medium,20,6,14,30.0,3,65,30.22,55.23,25.01,weak,1,remedial,M0014,2026-01-17
U00546,Mathematics,Fractions,hard,20,6,14,30.0,1,47,32.2,48.95,16.75,weak,1,remedial,M0002,2026-04-23
U00547,Science,Matter,easy,10,3,7,30.0,1,39,31.63,60.86,29.23,weak,1,remedial,M0059,2026-01-06
U00548,Science,Matter,medium,15,10,5,66.67,1,52,60.47,72.47,12.0,partial,0,review,M0058,2026-05-12
U00549,Business,Customer Service,easy,20,16,4,80.0,4,62,79.99,82.56,2.57,mastered,0,continue,M0082,2026-01-20
U00550,Mathematics,Algebra Basics,medium,20,6,14,30.0,1,29,32.89,67.75,34.86,weak,1,remedial,M0005,2026-05-03
U00551,Business,Marketing Basics,medium,20,5,15,25.0,1,30,23.37,44.79,21.42,weak,1,remedial,M0078,2026-01-11
U00552,Digital Literacy,Basic Troubleshooting,medium,15,4,11,26.67,1,35,28.36,59.51,31.15,weak,1,remedial,M0075,2026-05-12
U00553,Digital Literacy,Internet Safety,medium,15,11,4,73.33,2,42,72.71,83.04,10.33,partial,0,review,M0062,2026-04-09
U00554,Digital Literacy,Data Privacy,hard,20,8,12,40.0,1,32,42.77,56.97,14.2,weak,1,remedial,M0066,2026-02-15
U00555,Business,Customer Service,hard,15,4,11,26.67,4,61,19.94,46.95,27.01,weak,1,remedial,M0083,2026-02-17
U00556,Digital Literacy,File Management,medium,20,8,12,40.0,2,50,42.88,73.5,30.62,weak,1,remedial,M0067,2026-01-02
U00557,Programming,Loops,medium,5,4,1,80.0,3,59,78.31,78.75,0.44,mastered,0,continue,M0023,2026-04-27
U00558,Mathematics,Geometry,hard,10,3,7,30.0,2,57,32.29,45.02,12.73,weak,1,remedial,M0007,2026-01-10
U00559,English,Grammar,medium,5,4,1,80.0,2,46,86.24,90.92,4.68,mastered,0,continue,M0036,2026-04-20
U00560,Science,Cells,hard,20,9,11,45.0,1,36,39.18,70.46,31.28,weak,1,remedial,M0046,2026-01-11
U00561,Programming,Loops,medium,10,9,1,90.0,1,37,86.54,87.96,1.42,mastered,0,continue,M0024,2026-05-15
U00562,Digital Literacy,Online Collaboration,medium,20,5,15,25.0,3,35,19.02,44.18,25.16,weak,1,remedial,M0072,2026-01-02
U00563,Business,Customer Service,medium,5,5,0,100.0,2,40,99.3,100,0.7,mastered,0,continue,M0083,2026-05-03
U00564,Science,Energy,easy,15,14,1,93.33,1,30,92.64,93.72,1.08,mastered,0,continue,M0053,2026-02-25
U00565,Digital Literacy,Basic Troubleshooting,hard,5,0,5,0.0,2,40,0,23.77,23.77,weak,1,remedial,M0073,2026-02-12
U00566,English,Reading Comprehension,medium,10,10,0,100.0,1,31,100,100,0,mastered,0,continue,M0038,2026-01-30
U00567,Programming,Functions,medium,20,1,19,5.0,1,40,0,29.02,29.02,weak,1,remedial,M0026,2026-04-30
U00568,Digital Literacy,Basic Troubleshooting,medium,20,7,13,35.0,1,41,30.36,58.56,28.2,weak,1,remedial,M0073,2026-01-06
U00569,Programming,Data Structures,easy,15,14,1,93.33,1,46,100,100,0,mastered,0,continue,M0030,2026-02-05
U00570,Mathematics,Fractions,medium,5,3,2,60.0,2,28,59.0,64.98,5.98,partial,0,review,M0003,2026-02-24
U00571,Mathematics,Geometry,medium,20,20,0,100.0,1,57,97.6,99.5,1.9,mastered,0,continue,M0007,2026-01-01
U00572,Programming,Data Structures,medium,10,5,5,50.0,1,12,43.2,71.77,28.57,weak,1,remedial,M0028,2026-01-07
U00573,Programming,Functions,hard,20,6,14,30.0,4,68,22.27,41.35,19.08,weak,1,remedial,M0026,2026-05-08
U00574,Digital Literacy,Online Collaboration,medium,15,10,5,66.67,3,51,70.46,78.41,7.95,partial,0,review,M0070,2026-01-26
U00575,Science,Ecosystem,easy,5,5,0,100.0,1,41,98.54,99.05,0.51,mastered,0,continue,M0055,2026-04-29
U00576,Business,Financial Literacy,easy,5,5,0,100.0,4,55,100,100,0,mastered,0,continue,M0081,2026-04-20
U00577,Digital Literacy,File Management,medium,10,7,3,70.0,2,72,68.45,76.56,8.11,partial,0,review,M0068,2026-03-26
U00578,Business,Business Communication,easy,5,4,1,80.0,3,48,84.12,88.41,4.29,mastered,0,continue,M0090,2026-03-11
U00579,Digital Literacy,Internet Safety,easy,5,3,2,60.0,3,31,55.58,59.36,3.78,partial,0,review,M0062,2026-04-23
U00580,Business,Marketing Basics,hard,20,19,1,95.0,1,44,100,100,0,mastered,0,continue,M0078,2026-02-05
U00581,Mathematics,Algebra Basics,medium,20,13,7,65.0,5,78,65.6,76.11,10.51,partial,0,review,M0005,2026-05-11
U00582,Mathematics,Fractions,hard,20,7,13,35.0,2,49,28.34,42.29,13.95,weak,1,remedial,M0002,2026-03-11
U00583,Programming,Data Structures,medium,10,9,1,90.0,1,26,85.97,88.41,2.44,mastered,0,continue,M0030,2026-05-22
U00584,Digital Literacy,Data Privacy,easy,20,17,3,85.0,1,31,91.93,94.83,2.9,mastered,0,continue,M0064,2026-04-15
U00585,English,Writing,medium,5,3,2,60.0,5,63,61.21,69.31,8.1,partial,0,review,M0045,2026-01-17
U00586,Mathematics,Geometry,easy,5,1,4,20.0,1,20,15.41,43.4,27.99,weak,1,remedial,M0007,2026-03-29
U00587,Programming,Conditional Logic,easy,15,9,6,60.0,2,35,66.9,70.68,3.78,partial,0,review,M0021,2026-02-02
U00588,Business,Customer Service,medium,5,3,2,60.0,5,41,64.6,77.68,13.08,partial,0,review,M0084,2026-02-17
U00589,Science,Ecosystem,hard,20,12,8,60.0,1,60,52.99,65.98,12.99,partial,0,review,M0057,2026-05-23
U00590,Science,Force and Motion,medium,10,10,0,100.0,1,46,96.69,98.57,1.88,mastered,0,continue,M0050,2026-03-12
U00591,Business,Business Communication,medium,20,20,0,100.0,1,25,92.87,94.85,1.98,mastered,0,continue,M0089,2026-03-30
U00592,Programming,Variables,easy,20,17,3,85.0,1,38,89.17,94.07,4.9,mastered,0,continue,M0016,2026-01-28
U00593,Science,Matter,medium,20,9,11,45.0,1,25,48.67,80.33,31.66,weak,1,remedial,M0060,2026-01-13
U00594,Science,Matter,medium,10,3,7,30.0,1,45,27.88,54.19,26.31,weak,1,remedial,M0059,2026-02-07
U00595,Programming,Variables,easy,10,3,7,30.0,1,20,29.83,40.6,10.77,weak,1,remedial,M0018,2026-05-18
U00596,Science,Force and Motion,hard,20,5,15,25.0,2,40,18.66,30.39,11.73,weak,1,remedial,M0050,2026-04-23
U00597,Science,Matter,easy,5,0,5,0.0,1,25,3.27,27.08,23.81,weak,1,remedial,M0058,2026-03-24
U00598,Programming,Data Structures,easy,20,8,12,40.0,5,50,43.37,57.75,14.38,weak,1,remedial,M0028,2026-02-22
U00599,Digital Literacy,Data Privacy,medium,10,6,4,60.0,1,40,53.87,59.09,5.22,partial,0,review,M0064,2026-01-01
U00600,Mathematics,Fractions,medium,20,9,11,45.0,3,53,49.26,73.02,23.76,weak,1,remedial,M0001,2026-02-19
U00601,English,Reading Comprehension,medium,15,15,0,100.0,2,41,92.21,95.45,3.24,mastered,0,continue,M0038,2026-03-18
U00602,Mathematics,Fractions,medium,10,10,0,100.0,1,41,100,100,0,mastered,0,continue,M0002,2026-02-10
U00603,Science,Matter,medium,5,2,3,40.0,1,56,38.86,57.94,19.08,weak,1,remedial,M0058,2026-05-26
U00604,Science,Ecosystem,easy,10,7,3,70.0,4,52,76.36,83.78,7.42,partial,0,review,M0055,2026-01-19
U00605,Science,Energy,easy,15,15,0,100.0,2,39,100,100,0,mastered,0,continue,M0053,2026-04-04
U00606,English,Grammar,easy,15,12,3,80.0,3,44,76.46,80.78,4.32,mastered,0,continue,M0034,2026-05-09
U00607,Programming,Data Structures,medium,15,7,8,46.67,5,48,52.84,65.57,12.73,weak,1,remedial,M0030,2026-01-23
U00608,English,Grammar,medium,5,3,2,60.0,1,26,52.24,66.72,14.48,partial,0,review,M0035,2026-01-23
U00609,Digital Literacy,Basic Troubleshooting,medium,15,9,6,60.0,1,34,55.41,67.66,12.25,partial,0,review,M0073,2026-01-10
U00610,English,Reading Comprehension,easy,15,7,8,46.67,3,54,45.83,70.54,24.71,weak,1,remedial,M0037,2026-03-06
U00611,English,Writing,medium,15,10,5,66.67,3,40,64.0,76.19,12.19,partial,0,review,M0043,2026-01-11
U00612,Science,Energy,medium,5,1,4,20.0,2,38,12.86,40.43,27.57,weak,1,remedial,M0052,2026-01-07
U00613,Science,Matter,medium,10,4,6,40.0,4,57,32.81,50.8,17.99,weak,1,remedial,M0059,2026-02-24
U00614,Business,Financial Literacy,hard,15,4,11,26.67,1,31,18.83,38.65,19.82,weak,1,remedial,M0081,2026-02-25
U00615,English,Vocabulary,easy,5,5,0,100.0,5,64,100,100,0,mastered,0,continue,M0033,2026-04-02
U00616,English,Grammar,hard,15,2,13,13.33,2,52,14.45,31.67,17.22,weak,1,remedial,M0036,2026-04-06
U00617,Programming,Variables,easy,20,13,7,65.0,1,31,72.35,82.02,9.67,partial,0,review,M0017,2026-05-11
U00618,English,Grammar,easy,5,3,2,60.0,3,57,67.94,77.62,9.68,partial,0,review,M0036,2026-04-26
U00619,English,Writing,hard,5,0,5,0.0,1,43,0,14.66,14.66,weak,1,remedial,M0044,2026-04-29
U00620,Science,Cells,medium,10,5,5,50.0,2,34,56.56,84.63,28.07,weak,1,remedial,M0048,2026-04-04
U00621,Digital Literacy,Internet Safety,medium,5,2,3,40.0,3,61,32.71,43.97,11.26,weak,1,remedial,M0062,2026-03-02
U00622,Science,Matter,medium,10,3,7,30.0,2,52,22.02,36.46,14.44,weak,1,remedial,M0058,2026-03-17
U00623,Digital Literacy,Data Privacy,medium,10,1,9,10.0,2,43,4.04,29.89,25.85,weak,1,remedial,M0064,2026-03-12
U00624,Business,Financial Literacy,easy,10,7,3,70.0,1,14,77.75,81.44,3.69,partial,0,review,M0081,2026-03-01
U00625,Science,Ecosystem,medium,20,16,4,80.0,3,52,79.79,82.3,2.51,mastered,0,continue,M0056,2026-04-14
U00626,Digital Literacy,File Management,hard,20,17,3,85.0,1,51,87.36,89.24,1.88,mastered,0,continue,M0068,2026-02-18
U00627,Programming,Conditional Logic,medium,20,8,12,40.0,3,62,42.92,59.51,16.59,weak,1,remedial,M0019,2026-05-24
U00628,English,Grammar,hard,15,10,5,66.67,2,59,70.31,84.3,13.99,partial,0,review,M0036,2026-03-10
U00629,Science,Energy,medium,20,11,9,55.0,4,77,51.9,64.09,12.19,weak,1,remedial,M0053,2026-02-17
U00630,Science,Matter,easy,15,6,9,40.0,1,22,37.07,54.79,17.72,weak,1,remedial,M0060,2026-01-15
U00631,Science,Matter,medium,20,7,13,35.0,2,43,34.96,61.03,26.07,weak,1,remedial,M0058,2026-01-07
U00632,Business,Business Communication,medium,15,13,2,86.67,4,54,84.55,87.8,3.25,mastered,0,continue,M0090,2026-01-12
U00633,Mathematics,Fractions,hard,20,10,10,50.0,3,53,53.62,85.02,31.4,weak,1,remedial,M0001,2026-03-30
U00634,Programming,Loops,hard,15,6,9,40.0,1,43,38.77,50.95,12.18,weak,1,remedial,M0023,2026-01-09
U00635,Science,Ecosystem,easy,5,1,4,20.0,1,36,18.34,37.2,18.86,weak,1,remedial,M0057,2026-02-26
U00636,Digital Literacy,Basic Troubleshooting,medium,10,7,3,70.0,5,63,77.71,92.5,14.79,partial,0,review,M0073,2026-02-11
U00637,Business,Business Communication,easy,5,3,2,60.0,1,36,67.89,73.42,5.53,partial,0,review,M0090,2026-01-13
U00638,Science,Force and Motion,hard,20,1,19,5.0,1,34,0,14.36,14.36,weak,1,remedial,M0051,2026-01-18
U00639,English,Vocabulary,medium,15,11,4,73.33,2,42,76.99,81.07,4.08,partial,0,review,M0032,2026-01-19
U00640,Programming,Data Structures,easy,20,18,2,90.0,1,27,92.1,94.96,2.86,mastered,0,continue,M0030,2026-03-21
U00641,Programming,Variables,medium,20,5,15,25.0,1,28,26.49,59.57,33.08,weak,1,remedial,M0016,2026-04-18
U00642,Programming,Functions,hard,20,6,14,30.0,1,54,25.3,42.79,17.49,weak,1,remedial,M0025,2026-03-22
U00643,Digital Literacy,File Management,hard,15,6,9,40.0,3,66,41.25,58.38,17.13,weak,1,remedial,M0069,2026-03-11
U00644,Science,Energy,easy,10,5,5,50.0,1,28,42.13,74.49,32.36,weak,1,remedial,M0054,2026-04-25
U00645,Programming,Variables,medium,5,5,0,100.0,3,62,92.6,92.65,0.05,mastered,0,continue,M0017,2026-03-13
U00646,Digital Literacy,Online Collaboration,hard,20,3,17,15.0,1,59,11.15,29.33,18.18,weak,1,remedial,M0071,2026-02-26
U00647,Mathematics,Fractions,easy,15,9,6,60.0,2,49,66.43,80.82,14.39,partial,0,review,M0002,2026-02-06
U00648,Digital Literacy,File Management,medium,5,3,2,60.0,3,53,52.94,58.68,5.74,partial,0,review,M0068,2026-01-13
U00649,Programming,Conditional Logic,hard,15,12,3,80.0,1,31,73.97,78.47,4.5,mastered,0,continue,M0020,2026-04-04
U00650,Mathematics,Statistics,hard,10,5,5,50.0,2,58,45.76,61.18,15.42,weak,1,remedial,M0012,2026-02-03
U00651,Mathematics,Algebra Basics,medium,20,4,16,20.0,3,39,25.32,58.71,33.39,weak,1,remedial,M0004,2026-03-09
U00652,Mathematics,Statistics,medium,10,9,1,90.0,1,46,86.08,88.62,2.54,mastered,0,continue,M0012,2026-02-07
U00653,Programming,Functions,easy,10,8,2,80.0,1,54,73.18,77.46,4.28,mastered,0,continue,M0026,2026-03-16
U00654,Business,Marketing Basics,medium,10,4,6,40.0,1,25,40.92,55.46,14.54,weak,1,remedial,M0076,2026-04-03
U00655,English,Grammar,easy,20,10,10,50.0,4,41,50.12,68.85,18.73,weak,1,remedial,M0036,2026-03-22
U00656,Programming,Functions,medium,10,8,2,80.0,4,50,77.59,78.01,0.42,mastered,0,continue,M0027,2026-02-04
U00657,Mathematics,Geometry,medium,10,10,0,100.0,1,23,100,100,0,mastered,0,continue,M0007,2026-01-11
U00658,Science,Ecosystem,easy,15,8,7,53.33,1,41,57.32,80.1,22.78,weak,1,remedial,M0055,2026-04-06
U00659,Digital Literacy,Data Privacy,hard,20,7,13,35.0,3,66,29.07,46.47,17.4,weak,1,remedial,M0064,2026-01-29
U00660,Digital Literacy,Data Privacy,medium,20,9,11,45.0,1,46,43.91,64.16,20.25,weak,1,remedial,M0066,2026-02-13
U00661,Business,Marketing Basics,easy,15,10,5,66.67,1,19,65.59,78.46,12.87,partial,0,review,M0077,2026-03-04
U00662,Programming,Conditional Logic,hard,10,4,6,40.0,2,56,47.44,60.16,12.72,weak,1,remedial,M0019,2026-02-18
U00663,Programming,Data Structures,medium,10,10,0,100.0,3,33,99.89,100,0.11,mastered,0,continue,M0028,2026-04-19
U00664,Business,Customer Service,hard,10,0,10,0.0,1,58,5.65,31.73,26.08,weak,1,remedial,M0084,2026-03-18
U00665,English,Tenses,easy,5,3,2,60.0,1,34,61.49,75.18,13.69,partial,0,review,M0040,2026-03-29
U00666,English,Grammar,medium,20,18,2,90.0,1,52,90.14,94.15,4.01,mastered,0,continue,M0036,2026-03-19
U00667,Mathematics,Statistics,medium,15,13,2,86.67,4,66,94.05,94.25,0.2,mastered,0,continue,M0011,2026-03-16
U00668,Digital Literacy,Basic Troubleshooting,hard,5,2,3,40.0,2,54,42.67,66.19,23.52,weak,1,remedial,M0073,2026-05-02
U00669,English,Vocabulary,medium,20,1,19,5.0,1,28,4.68,32.71,28.03,weak,1,remedial,M0031,2026-01-31
U00670,Digital Literacy,Online Collaboration,easy,5,4,1,80.0,2,32,87.01,88.98,1.97,mastered,0,continue,M0071,2026-03-29
U00671,Science,Matter,hard,20,15,5,75.0,1,32,72.21,82.38,10.17,partial,0,review,M0060,2026-04-22
U00672,English,Grammar,easy,10,8,2,80.0,1,27,85.9,90.55,4.65,mastered,0,continue,M0035,2026-03-02
U00673,Business,Financial Literacy,medium,20,17,3,85.0,2,36,81.13,83.4,2.27,mastered,0,continue,M0080,2026-05-01
U00674,Programming,Loops,medium,15,8,7,53.33,1,49,53.81,74.34,20.53,weak,1,remedial,M0022,2026-02-21
U00675,Programming,Data Structures,hard,10,4,6,40.0,1,38,37.23,63.75,26.52,weak,1,remedial,M0029,2026-02-27
U00676,Science,Matter,easy,5,4,1,80.0,1,33,86.91,91.84,4.93,mastered,0,continue,M0058,2026-02-23
U00677,Science,Force and Motion,medium,15,13,2,86.67,2,34,93.14,93.99,0.85,mastered,0,continue,M0050,2026-04-10
U00678,English,Writing,medium,15,7,8,46.67,3,57,46.07,69.54,23.47,weak,1,remedial,M0045,2026-01-19
U00679,Programming,Loops,medium,10,4,6,40.0,4,47,40.37,52.45,12.08,weak,1,remedial,M0024,2026-02-25
U00680,Business,Marketing Basics,easy,15,13,2,86.67,1,29,87.9,89.75,1.85,mastered,0,continue,M0076,2026-05-24
U00681,Science,Ecosystem,medium,10,8,2,80.0,1,23,73.28,74.52,1.24,mastered,0,continue,M0057,2026-02-02
U00682,Digital Literacy,Online Collaboration,easy,15,12,3,80.0,1,22,84.12,84.82,0.7,mastered,0,continue,M0071,2026-01-21
U00683,Programming,Loops,medium,20,13,7,65.0,1,37,59.14,68.24,9.1,partial,0,review,M0022,2026-05-01
U00684,Science,Force and Motion,medium,10,5,5,50.0,5,60,49.39,83.11,33.72,weak,1,remedial,M0051,2026-02-22
U00685,English,Writing,hard,15,13,2,86.67,3,70,87.87,88.09,0.22,mastered,0,continue,M0044,2026-04-13
U00686,English,Writing,medium,5,2,3,40.0,4,51,35.79,66.58,30.79,weak,1,remedial,M0044,2026-05-18
U00687,Business,Entrepreneurship,easy,20,13,7,65.0,3,44,64.6,67.77,3.17,partial,0,review,M0086,2026-01-25
U00688,Programming,Variables,medium,5,2,3,40.0,1,46,45.56,77.12,31.56,weak,1,remedial,M0016,2026-01-22
U00689,Digital Literacy,Internet Safety,medium,15,9,6,60.0,4,61,67.23,70.57,3.34,partial,0,review,M0063,2026-05-23
U00690,Science,Force and Motion,medium,15,13,2,86.67,2,51,82.11,84.48,2.37,mastered,0,continue,M0049,2026-05-20
U00691,Science,Ecosystem,medium,10,5,5,50.0,1,33,57.29,81.37,24.08,weak,1,remedial,M0055,2026-01-07
U00692,Science,Force and Motion,medium,5,1,4,20.0,1,39,18.24,31.8,13.56,weak,1,remedial,M0049,2026-01-07
U00693,English,Reading Comprehension,hard,15,13,2,86.67,1,49,90.76,91.47,0.71,mastered,0,continue,M0039,2026-01-05
U00694,Digital Literacy,File Management,easy,20,17,3,85.0,2,49,78.77,83.55,4.78,mastered,0,continue,M0069,2026-05-29
U00695,Mathematics,Algebra Basics,hard,20,19,1,95.0,1,59,98.62,100,1.38,mastered,0,continue,M0004,2026-04-11
U00696,Digital Literacy,Data Privacy,hard,15,6,9,40.0,1,51,46.06,75.09,29.03,weak,1,remedial,M0064,2026-01-16
U00697,Mathematics,Fractions,medium,20,6,14,30.0,2,28,33.63,62.13,28.5,weak,1,remedial,M0003,2026-01-12
U00698,Science,Cells,medium,15,7,8,46.67,2,41,47.55,66.78,19.23,weak,1,remedial,M0047,2026-03-26
U00699,Digital Literacy,Data Privacy,medium,15,9,6,60.0,1,37,54.23,66.47,12.24,partial,0,review,M0064,2026-05-10
U00700,Programming,Conditional Logic,medium,20,12,8,60.0,2,43,67.01,77.55,10.54,partial,0,review,M0021,2026-03-25
U00701,English,Writing,easy,20,18,2,90.0,1,31,95.04,99.5,4.46,mastered,0,continue,M0044,2026-03-21
U00702,Science,Cells,hard,15,8,7,53.33,5,63,53.89,67.97,14.08,weak,1,remedial,M0047,2026-01-26
U00703,Business,Financial Literacy,hard,10,6,4,60.0,5,77,65.7,71.93,6.23,partial,0,review,M0081,2026-03-17
U00704,Science,Ecosystem,hard,10,8,2,80.0,1,38,78.71,82.4,3.69,mastered,0,continue,M0056,2026-05-21
U00705,Programming,Variables,easy,15,14,1,93.33,2,51,89.07,90.2,1.13,mastered,0,continue,M0018,2026-05-31
U00706,English,Writing,hard,10,4,6,40.0,1,47,42.5,59.47,16.97,weak,1,remedial,M0045,2026-02-17
U00707,Programming,Variables,easy,20,14,6,70.0,2,52,74.19,83.85,9.66,partial,0,review,M0016,2026-01-27
U00708,Business,Entrepreneurship,hard,10,6,4,60.0,1,57,55.3,63.55,8.25,partial,0,review,M0085,2026-03-28
U00709,Digital Literacy,Data Privacy,medium,5,2,3,40.0,1,46,38.83,62.64,23.81,weak,1,remedial,M0066,2026-01-29
U00710,Digital Literacy,Online Collaboration,hard,10,2,8,20.0,4,71,14.91,32.08,17.17,weak,1,remedial,M0070,2026-05-21
U00711,English,Reading Comprehension,medium,5,2,3,40.0,1,69,41.64,70.73,29.09,weak,1,remedial,M0039,2026-04-01
U00712,Science,Energy,medium,20,1,19,5.0,2,52,9.27,41.59,32.32,weak,1,remedial,M0052,2026-03-14
U00713,Programming,Variables,medium,10,9,1,90.0,1,37,92.68,97.36,4.68,mastered,0,continue,M0017,2026-03-01
U00714,English,Writing,easy,5,3,2,60.0,1,23,55.95,62.99,7.04,partial,0,review,M0045,2026-01-29
U00715,Programming,Data Structures,medium,20,12,8,60.0,1,35,60.0,64.47,4.47,partial,0,review,M0029,2026-03-09
U00716,Business,Entrepreneurship,medium,10,8,2,80.0,1,39,81.0,82.66,1.66,mastered,0,continue,M0086,2026-05-16
U00717,Science,Force and Motion,hard,10,2,8,20.0,2,49,14.01,46.34,32.33,weak,1,remedial,M0050,2026-05-10
U00718,Science,Matter,easy,5,5,0,100.0,1,22,100,100,0,mastered,0,continue,M0060,2026-02-07
U00719,Science,Force and Motion,medium,5,4,1,80.0,1,38,73.23,76.75,3.52,mastered,0,continue,M0049,2026-03-03
U00720,Digital Literacy,File Management,easy,10,8,2,80.0,2,47,78.77,79.06,0.29,mastered,0,continue,M0068,2026-02-10
U00721,Digital Literacy,Basic Troubleshooting,medium,15,3,12,20.0,1,29,13.24,33.8,20.56,weak,1,remedial,M0073,2026-01-19
U00722,Science,Ecosystem,hard,5,3,2,60.0,1,54,54.96,67.98,13.02,partial,0,review,M0055,2026-03-06
U00723,English,Tenses,medium,5,3,2,60.0,1,44,63.66,76.47,12.81,partial,0,review,M0042,2026-03-25
U00724,Mathematics,Linear Equations,easy,10,8,2,80.0,1,38,77.3,78.16,0.86,mastered,0,continue,M0013,2026-05-22
U00725,Business,Customer Service,medium,10,3,7,30.0,1,54,23.65,57.65,34.0,weak,1,remedial,M0082,2026-01-12
U00726,Programming,Conditional Logic,medium,15,14,1,93.33,1,40,99.49,100,0.51,mastered,0,continue,M0020,2026-03-14
U00727,English,Vocabulary,easy,20,14,6,70.0,1,23,75.99,86.2,10.21,partial,0,review,M0031,2026-01-15
U00728,Mathematics,Algebra Basics,easy,20,14,6,70.0,2,31,64.42,77.66,13.24,partial,0,review,M0006,2026-04-13
U00729,English,Tenses,easy,10,9,1,90.0,1,23,87.67,89.26,1.59,mastered,0,continue,M0041,2026-02-23
U00730,Business,Financial Literacy,easy,5,5,0,100.0,2,18,96.02,96.68,0.66,mastered,0,continue,M0079,2026-05-09
U00731,Digital Literacy,Data Privacy,medium,15,5,10,33.33,1,55,27.98,49.66,21.68,weak,1,remedial,M0066,2026-03-16
U00732,Science,Energy,easy,15,10,5,66.67,4,31,68.87,75.7,6.83,partial,0,review,M0053,2026-01-21
U00733,Digital Literacy,Online Collaboration,easy,10,9,1,90.0,4,51,96.75,97.19,0.44,mastered,0,continue,M0072,2026-05-27
U00734,Programming,Data Structures,easy,5,4,1,80.0,3,48,87.41,89.22,1.81,mastered,0,continue,M0028,2026-02-17
U00735,Mathematics,Statistics,hard,5,3,2,60.0,1,42,61.47,69.06,7.59,partial,0,review,M0010,2026-01-12
U00736,Science,Cells,hard,10,5,5,50.0,1,47,47.21,68.79,21.58,weak,1,remedial,M0046,2026-03-11
U00737,Science,Cells,medium,20,16,4,80.0,2,25,72.51,76.8,4.29,mastered,0,continue,M0046,2026-03-06
U00738,Digital Literacy,File Management,easy,5,4,1,80.0,2,47,81.03,81.89,0.86,mastered,0,continue,M0069,2026-02-16
U00739,Mathematics,Algebra Basics,easy,10,8,2,80.0,1,14,78.06,81.87,3.81,mastered,0,continue,M0005,2026-05-24
U00740,Digital Literacy,Internet Safety,easy,20,10,10,50.0,1,27,55.54,81.42,25.88,weak,1,remedial,M0063,2026-01-25
U00741,English,Grammar,medium,15,8,7,53.33,4,65,53.61,78.83,25.22,weak,1,remedial,M0034,2026-01-16
U00742,Programming,Functions,medium,10,3,7,30.0,3,56,29.11,61.98,32.87,weak,1,remedial,M0027,2026-05-11
U00743,Programming,Conditional Logic,easy,20,20,0,100.0,2,39,96.87,100,3.13,mastered,0,continue,M0021,2026-05-12
U00744,Business,Business Communication,hard,20,13,7,65.0,2,62,71.07,79.76,8.69,partial,0,review,M0090,2026-05-29
U00745,Programming,Data Structures,hard,5,1,4,20.0,1,60,26.75,50.1,23.35,weak,1,remedial,M0029,2026-03-09
U00746,Programming,Functions,medium,10,2,8,20.0,2,53,18.7,29.37,10.67,weak,1,remedial,M0026,2026-02-15
U00747,Mathematics,Linear Equations,easy,20,10,10,50.0,3,45,48.07,79.34,31.27,weak,1,remedial,M0015,2026-02-06
U00748,Business,Business Communication,easy,5,5,0,100.0,1,29,100,100,0,mastered,0,continue,M0090,2026-01-17
U00749,Science,Force and Motion,medium,10,7,3,70.0,1,30,63.42,71.45,8.03,partial,0,review,M0049,2026-04-19
U00750,Digital Literacy,Internet Safety,medium,20,10,10,50.0,2,33,46.77,73.21,26.44,weak,1,remedial,M0062,2026-02-25
U00751,Science,Matter,easy,5,5,0,100.0,2,31,100,100,0,mastered,0,continue,M0059,2026-02-04
U00752,Business,Customer Service,easy,15,8,7,53.33,1,32,51.24,84.72,33.48,weak,1,remedial,M0083,2026-04-16
U00753,Programming,Conditional Logic,hard,10,2,8,20.0,3,65,20.39,35.0,14.61,weak,1,remedial,M0020,2026-05-25
U00754,Digital Literacy,Data Privacy,easy,20,13,7,65.0,1,29,58.94,65.0,6.06,partial,0,review,M0064,2026-01-13
U00755,Digital Literacy,File Management,hard,10,3,7,30.0,1,34,23.08,52.89,29.81,weak,1,remedial,M0069,2026-02-28
U00756,Mathematics,Geometry,medium,5,5,0,100.0,2,33,100,100,0,mastered,0,continue,M0008,2026-03-18
U00757,Programming,Conditional Logic,easy,5,3,2,60.0,2,41,56.18,70.05,13.87,partial,0,review,M0020,2026-02-02
U00758,Digital Literacy,Basic Troubleshooting,hard,5,2,3,40.0,1,33,46.98,67.75,20.77,weak,1,remedial,M0074,2026-05-03
U00759,Programming,Loops,hard,5,2,3,40.0,4,67,39.84,54.75,14.91,weak,1,remedial,M0022,2026-01-19
U00760,Science,Energy,easy,20,6,14,30.0,5,56,28.66,41.88,13.22,weak,1,remedial,M0052,2026-03-22
U00761,Mathematics,Fractions,medium,20,16,4,80.0,1,47,76.34,80.34,4.0,mastered,0,continue,M0002,2026-04-04
U00762,Programming,Data Structures,medium,20,4,16,20.0,1,32,20.22,53.1,32.88,weak,1,remedial,M0030,2026-05-22
U00763,Science,Energy,medium,5,4,1,80.0,2,55,77.48,79.57,2.09,mastered,0,continue,M0052,2026-01-15
U00764,Programming,Data Structures,hard,15,1,14,6.67,4,53,3.18,18.74,15.56,weak,1,remedial,M0028,2026-02-21
U00765,Business,Financial Literacy,hard,20,5,15,25.0,5,82,31.27,60.58,29.31,weak,1,remedial,M0081,2026-02-20
U00766,Mathematics,Statistics,medium,15,10,5,66.67,2,49,58.93,66.42,7.49,partial,0,review,M0012,2026-04-25
U00767,Mathematics,Algebra Basics,hard,20,13,7,65.0,1,46,60.2,74.51,14.31,partial,0,review,M0005,2026-05-26
U00768,Science,Matter,medium,5,0,5,0.0,2,50,0,16.83,16.83,weak,1,remedial,M0060,2026-02-05
U00769,Mathematics,Geometry,easy,15,14,1,93.33,1,28,96.52,98.42,1.9,mastered,0,continue,M0007,2026-04-15
U00770,Mathematics,Statistics,hard,15,11,4,73.33,1,44,78.27,85.06,6.79,partial,0,review,M0010,2026-03-30
U00771,Digital Literacy,Online Collaboration,medium,15,7,8,46.67,1,31,47.88,67.83,19.95,weak,1,remedial,M0072,2026-03-18
U00772,Business,Entrepreneurship,medium,20,8,12,40.0,2,35,38.92,54.97,16.05,weak,1,remedial,M0085,2026-02-06
U00773,Business,Business Communication,medium,10,7,3,70.0,1,31,76.93,81.84,4.91,partial,0,review,M0090,2026-05-17
U00774,English,Grammar,easy,10,6,4,60.0,3,44,65.79,72.73,6.94,partial,0,review,M0035,2026-03-29
U00775,Programming,Functions,easy,20,13,7,65.0,5,48,64.65,78.76,14.11,partial,0,review,M0026,2026-01-01
U00776,Programming,Data Structures,medium,10,5,5,50.0,2,49,55.9,77.73,21.83,weak,1,remedial,M0029,2026-05-10
U00777,Programming,Functions,medium,10,6,4,60.0,1,31,61.52,72.27,10.75,partial,0,review,M0025,2026-01-27
U00778,Digital Literacy,Data Privacy,hard,20,9,11,45.0,1,43,38.61,66.58,27.97,weak,1,remedial,M0066,2026-05-17
U00779,Business,Marketing Basics,medium,5,3,2,60.0,1,28,66.65,80.92,14.27,partial,0,review,M0077,2026-02-14
U00780,Business,Financial Literacy,easy,20,20,0,100.0,2,30,100,100,0,mastered,0,continue,M0080,2026-01-07
U00781,Business,Customer Service,medium,20,11,9,55.0,4,49,52.74,75.08,22.34,weak,1,remedial,M0082,2026-02-14
U00782,English,Tenses,medium,5,2,3,40.0,1,53,36.09,48.75,12.66,weak,1,remedial,M0040,2026-03-07
U00783,English,Reading Comprehension,easy,20,20,0,100.0,2,36,100,100,0,mastered,0,continue,M0038,2026-01-18
U00784,Programming,Loops,medium,5,4,1,80.0,1,31,87.84,90.62,2.78,mastered,0,continue,M0022,2026-02-23
U00785,English,Tenses,medium,5,2,3,40.0,1,23,41.17,68.09,26.92,weak,1,remedial,M0041,2026-05-30
U00786,Business,Business Communication,easy,20,4,16,20.0,1,11,27.18,53.59,26.41,weak,1,remedial,M0088,2026-05-12
U00787,Science,Energy,hard,10,4,6,40.0,2,51,41.96,58.96,17.0,weak,1,remedial,M0053,2026-04-18
U00788,Science,Energy,hard,10,4,6,40.0,3,49,46.18,76.76,30.58,weak,1,remedial,M0053,2026-05-25
U00789,English,Tenses,medium,5,4,1,80.0,1,44,85.24,85.52,0.28,mastered,0,continue,M0042,2026-04-20
U00790,English,Reading Comprehension,hard,20,3,17,15.0,1,56,15.16,40.37,25.21,weak,1,remedial,M0039,2026-04-10
U00791,Programming,Functions,hard,10,6,4,60.0,1,56,60.75,73.44,12.69,partial,0,review,M0025,2026-02-09
U00792,Digital Literacy,Basic Troubleshooting,medium,20,20,0,100.0,1,25,96.86,100,3.14,mastered,0,continue,M0073,2026-03-04
U00793,Business,Customer Service,easy,20,16,4,80.0,1,17,86.03,87.14,1.11,mastered,0,continue,M0083,2026-03-13
U00794,English,Vocabulary,easy,10,8,2,80.0,1,32,84.0,88.1,4.1,mastered,0,continue,M0033,2026-01-20
U00795,Business,Marketing Basics,medium,20,10,10,50.0,4,46,44.56,77.31,32.75,weak,1,remedial,M0078,2026-02-07
U00796,Business,Entrepreneurship,easy,20,10,10,50.0,2,48,46.07,60.49,14.42,weak,1,remedial,M0085,2026-03-30
U00797,Business,Business Communication,medium,15,10,5,66.67,1,37,69.85,73.55,3.7,partial,0,review,M0090,2026-03-07
U00798,Digital Literacy,Data Privacy,medium,20,17,3,85.0,2,56,83.04,85.12,2.08,mastered,0,continue,M0065,2026-01-20
U00799,Mathematics,Algebra Basics,hard,20,16,4,80.0,1,52,75.93,80.22,4.29,mastered,0,continue,M0004,2026-04-28
U00800,English,Tenses,hard,20,16,4,80.0,3,60,85.03,86.65,1.62,mastered,0,continue,M0040,2026-03-27
U00801,English,Vocabulary,medium,10,9,1,90.0,4,54,93.13,95.0,1.87,mastered,0,continue,M0032,2026-03-16
U00802,Digital Literacy,Data Privacy,easy,5,3,2,60.0,2,52,56.57,64.86,8.29,partial,0,review,M0066,2026-04-22
U00803,Science,Cells,medium,5,4,1,80.0,1,45,79.7,81.76,2.06,mastered,0,continue,M0048,2026-01-27
U00804,Mathematics,Statistics,medium,5,3,2,60.0,2,47,65.41,70.12,4.71,partial,0,review,M0011,2026-05-29
U00805,Business,Financial Literacy,easy,5,3,2,60.0,5,51,63.13,74.23,11.1,partial,0,review,M0079,2026-02-13
U00806,English,Vocabulary,easy,10,6,4,60.0,1,22,52.6,67.49,14.89,partial,0,review,M0031,2026-05-31
U00807,Programming,Conditional Logic,medium,5,5,0,100.0,1,33,100,100,0,mastered,0,continue,M0021,2026-04-07
U00808,Mathematics,Algebra Basics,easy,15,8,7,53.33,3,39,55.52,77.36,21.84,weak,1,remedial,M0004,2026-03-12
U00809,Business,Business Communication,medium,15,10,5,66.67,1,36,71.19,78.62,7.43,partial,0,review,M0088,2026-04-14
U00810,Digital Literacy,File Management,easy,20,11,9,55.0,2,44,61.94,95.71,33.77,weak,1,remedial,M0069,2026-05-21
U00811,Programming,Loops,easy,15,7,8,46.67,1,17,49.16,76.53,27.37,weak,1,remedial,M0022,2026-01-08
U00812,Programming,Variables,medium,10,8,2,80.0,2,55,73.89,78.79,4.9,mastered,0,continue,M0017,2026-04-12
U00813,Programming,Data Structures,medium,20,12,8,60.0,1,20,63.5,73.31,9.81,partial,0,review,M0028,2026-04-15
U00814,Science,Cells,medium,10,6,4,60.0,1,50,55.71,70.37,14.66,partial,0,review,M0046,2026-05-02
U00815,Business,Entrepreneurship,hard,10,7,3,70.0,5,57,72.61,76.61,4.0,partial,0,review,M0085,2026-01-13
U00816,English,Grammar,hard,5,1,4,20.0,2,45,15.94,29.55,13.61,weak,1,remedial,M0034,2026-03-08
U00817,Digital Literacy,File Management,easy,15,15,0,100.0,4,49,100,100,0,mastered,0,continue,M0067,2026-02-04
U00818,English,Tenses,medium,5,2,3,40.0,4,52,46.94,58.82,11.88,weak,1,remedial,M0042,2026-02-24
U00819,Science,Ecosystem,hard,15,8,7,53.33,1,53,46.15,71.07,24.92,weak,1,remedial,M0056,2026-02-17
U00820,Science,Cells,medium,15,14,1,93.33,4,53,88.86,89.15,0.29,mastered,0,continue,M0047,2026-01-28
U00821,Digital Literacy,File Management,medium,15,15,0,100.0,4,52,100,100,0,mastered,0,continue,M0068,2026-05-11
U00822,Business,Entrepreneurship,hard,15,6,9,40.0,1,40,44.68,58.71,14.03,weak,1,remedial,M0085,2026-02-06
U00823,Digital Literacy,Data Privacy,easy,10,7,3,70.0,1,34,76.98,84.14,7.16,partial,0,review,M0064,2026-03-22
U00824,Programming,Loops,hard,20,7,13,35.0,1,31,37.49,54.69,17.2,weak,1,remedial,M0024,2026-04-15
U00825,Science,Energy,medium,10,5,5,50.0,3,48,55.18,80.69,25.51,weak,1,remedial,M0054,2026-04-24
U00826,English,Grammar,hard,20,6,14,30.0,1,43,27.3,48.79,21.49,weak,1,remedial,M0034,2026-04-26
U00827,English,Reading Comprehension,medium,5,2,3,40.0,1,47,39.66,59.62,19.96,weak,1,remedial,M0039,2026-02-11
U00828,Business,Business Communication,hard,15,0,15,0.0,1,48,5.97,30.98,25.01,weak,1,remedial,M0089,2026-05-17
U00829,English,Reading Comprehension,medium,5,3,2,60.0,1,43,56.66,61.84,5.18,partial,0,review,M0037,2026-01-22
U00830,English,Writing,hard,10,5,5,50.0,1,32,43.39,64.99,21.6,weak,1,remedial,M0043,2026-01-31
U00831,English,Grammar,medium,20,11,9,55.0,2,48,47.93,58.47,10.54,weak,1,remedial,M0036,2026-05-29
U00832,Business,Customer Service,medium,20,6,14,30.0,2,46,23.21,41.5,18.29,weak,1,remedial,M0083,2026-04-23
U00833,Business,Customer Service,hard,20,1,19,5.0,1,37,7.0,20.9,13.9,weak,1,remedial,M0082,2026-01-18
U00834,Business,Marketing Basics,medium,20,7,13,35.0,2,29,32.39,65.1,32.71,weak,1,remedial,M0078,2026-05-18
U00835,Digital Literacy,Data Privacy,hard,5,2,3,40.0,3,70,35.23,62.31,27.08,weak,1,remedial,M0065,2026-03-29
U00836,Digital Literacy,Internet Safety,hard,15,14,1,93.33,4,73,88.86,92.9,4.04,mastered,0,continue,M0061,2026-05-06
U00837,English,Tenses,easy,20,17,3,85.0,1,21,84.88,87.87,2.99,mastered,0,continue,M0040,2026-03-23
U00838,Business,Marketing Basics,medium,10,3,7,30.0,3,54,22.1,54.87,32.77,weak,1,remedial,M0077,2026-05-26
U00839,Science,Force and Motion,medium,15,1,14,6.67,3,41,5.18,20.67,15.49,weak,1,remedial,M0049,2026-05-14
U00840,Science,Force and Motion,easy,5,3,2,60.0,1,34,65.59,76.7,11.11,partial,0,review,M0050,2026-01-06
U00841,Digital Literacy,Data Privacy,hard,20,14,6,70.0,3,78,63.24,77.03,13.79,partial,0,review,M0065,2026-04-11
U00842,Mathematics,Statistics,easy,5,5,0,100.0,1,27,98.16,100,1.84,mastered,0,continue,M0010,2026-02-24
U00843,English,Grammar,medium,5,4,1,80.0,4,48,79.79,83.87,4.08,mastered,0,continue,M0036,2026-03-09
U00844,Mathematics,Fractions,hard,5,2,3,40.0,3,66,47.64,60.46,12.82,weak,1,remedial,M0003,2026-05-27
U00845,Science,Ecosystem,medium,10,9,1,90.0,1,32,85.83,87.07,1.24,mastered,0,continue,M0057,2026-05-11
U00846,Programming,Loops,easy,20,20,0,100.0,1,37,100,100,0,mastered,0,continue,M0023,2026-02-02
U00847,Digital Literacy,File Management,hard,20,0,20,0.0,1,45,6.74,21.7,14.96,weak,1,remedial,M0069,2026-01-16
U00848,Mathematics,Statistics,hard,10,0,10,0.0,3,44,5.35,34.94,29.59,weak,1,remedial,M0011,2026-01-31
U00849,Business,Business Communication,medium,20,6,14,30.0,1,37,23.41,35.31,11.9,weak,1,remedial,M0089,2026-03-04
U00850,Digital Literacy,Internet Safety,medium,15,12,3,80.0,3,46,82.71,86.93,4.22,mastered,0,continue,M0062,2026-04-27
U00851,Digital Literacy,Data Privacy,easy,15,12,3,80.0,1,42,74.22,77.51,3.29,mastered,0,continue,M0065,2026-04-04
U00852,Programming,Data Structures,easy,20,11,9,55.0,1,30,57.43,85.67,28.24,weak,1,remedial,M0030,2026-02-20
U00853,Programming,Loops,hard,10,7,3,70.0,2,64,77.72,83.49,5.77,partial,0,review,M0024,2026-03-13
U00854,Mathematics,Geometry,medium,10,7,3,70.0,1,42,63.07,76.31,13.24,partial,0,review,M0009,2026-03-19
U00855,Science,Energy,medium,5,4,1,80.0,3,64,79.96,80.97,1.01,mastered,0,continue,M0053,2026-05-09
U00856,English,Grammar,easy,5,5,0,100.0,2,37,99.66,100,0.34,mastered,0,continue,M0036,2026-05-07
U00857,Science,Ecosystem,hard,10,9,1,90.0,1,29,90.24,93.09,2.85,mastered,0,continue,M0057,2026-02-19
U00858,Science,Ecosystem,easy,20,11,9,55.0,1,37,48.16,75.92,27.76,weak,1,remedial,M0056,2026-02-01
U00859,Science,Cells,hard,20,16,4,80.0,1,52,82.23,87.19,4.96,mastered,0,continue,M0048,2026-03-01
U00860,Business,Marketing Basics,medium,10,5,5,50.0,3,41,52.14,62.53,10.39,weak,1,remedial,M0076,2026-01-11
U00861,Mathematics,Statistics,medium,5,2,3,40.0,1,56,39.92,69.47,29.55,weak,1,remedial,M0010,2026-03-12
U00862,English,Tenses,hard,15,7,8,46.67,4,67,46.78,76.44,29.66,weak,1,remedial,M0042,2026-02-28
U00863,Business,Customer Service,medium,20,7,13,35.0,1,54,31.89,61.88,29.99,weak,1,remedial,M0083,2026-01-09
U00864,Digital Literacy,Data Privacy,medium,20,15,5,75.0,5,65,68.76,72.22,3.46,partial,0,review,M0064,2026-01-02
U00865,English,Reading Comprehension,easy,10,10,0,100.0,4,54,97.64,97.79,0.15,mastered,0,continue,M0037,2026-04-13
U00866,English,Grammar,hard,15,2,13,13.33,1,51,9.04,21.38,12.34,weak,1,remedial,M0035,2026-03-19
U00867,English,Reading Comprehension,easy,10,7,3,70.0,3,47,68.81,82.41,13.6,partial,0,review,M0037,2026-04-19
U00868,Mathematics,Linear Equations,easy,5,4,1,80.0,1,26,85.51,90.12,4.61,mastered,0,continue,M0015,2026-03-28
U00869,Mathematics,Statistics,medium,5,2,3,40.0,1,47,47.24,62.62,15.38,weak,1,remedial,M0010,2026-05-16
U00870,Digital Literacy,Basic Troubleshooting,hard,15,13,2,86.67,2,30,80.43,82.09,1.66,mastered,0,continue,M0075,2026-01-07
U00871,Business,Customer Service,medium,10,8,2,80.0,1,36,82.77,85.11,2.34,mastered,0,continue,M0082,2026-04-10
U00872,English,Vocabulary,hard,10,6,4,60.0,1,42,59.74,72.01,12.27,partial,0,review,M0032,2026-02-05
U00873,Digital Literacy,Basic Troubleshooting,medium,20,3,17,15.0,2,35,10.8,40.28,29.48,weak,1,remedial,M0074,2026-01-03
U00874,Digital Literacy,Data Privacy,easy,20,20,0,100.0,1,33,92.5,95.25,2.75,mastered,0,continue,M0064,2026-01-20
U00875,Business,Entrepreneurship,medium,20,14,6,70.0,1,37,74.71,87.24,12.53,partial,0,review,M0087,2026-05-17
U00876,Digital Literacy,File Management,easy,10,10,0,100.0,3,52,100,100,0,mastered,0,continue,M0068,2026-01-21
U00877,Programming,Functions,medium,5,4,1,80.0,1,41,87.04,88.9,1.86,mastered,0,continue,M0026,2026-02-23
U00878,Science,Cells,easy,20,17,3,85.0,1,18,85.18,85.74,0.56,mastered,0,continue,M0047,2026-05-17
U00879,Business,Entrepreneurship,easy,20,14,6,70.0,3,36,63.82,74.55,10.73,partial,0,review,M0086,2026-01-15
U00880,Science,Energy,medium,15,13,2,86.67,1,15,85.84,88.9,3.06,mastered,0,continue,M0054,2026-05-14
U00881,Business,Customer Service,hard,20,9,11,45.0,1,31,39.69,61.21,21.52,weak,1,remedial,M0083,2026-04-01
U00882,Science,Force and Motion,medium,20,6,14,30.0,1,49,28.22,58.28,30.06,weak,1,remedial,M0051,2026-02-19
U00883,Science,Cells,hard,10,1,9,10.0,1,39,15.13,30.99,15.86,weak,1,remedial,M0048,2026-05-31
U00884,Digital Literacy,Internet Safety,easy,15,6,9,40.0,1,10,43.25,57.8,14.55,weak,1,remedial,M0061,2026-04-14
U00885,Mathematics,Fractions,medium,20,8,12,40.0,1,36,41.0,69.73,28.73,weak,1,remedial,M0003,2026-02-15
U00886,Business,Marketing Basics,medium,10,4,6,40.0,4,72,36.89,63.15,26.26,weak,1,remedial,M0078,2026-02-13
U00887,Business,Customer Service,easy,10,6,4,60.0,5,70,55.91,68.95,13.04,partial,0,review,M0083,2026-01-02
U00888,Business,Business Communication,easy,20,17,3,85.0,2,39,90.19,92.12,1.93,mastered,0,continue,M0088,2026-01-19
U00889,Mathematics,Algebra Basics,easy,15,12,3,80.0,3,44,82.83,87.01,4.18,mastered,0,continue,M0004,2026-03-20
U00890,Programming,Loops,medium,10,4,6,40.0,2,38,38.98,64.29,25.31,weak,1,remedial,M0024,2026-01-10
U00891,Digital Literacy,Online Collaboration,medium,15,5,10,33.33,4,68,29.31,49.98,20.67,weak,1,remedial,M0072,2026-04-19
U00892,English,Reading Comprehension,easy,5,5,0,100.0,1,14,100,100,0,mastered,0,continue,M0037,2026-03-12
U00893,English,Writing,medium,20,11,9,55.0,1,24,53.7,81.9,28.2,weak,1,remedial,M0043,2026-03-28
U00894,Mathematics,Linear Equations,medium,20,12,8,60.0,1,50,63.39,77.2,13.81,partial,0,review,M0013,2026-05-24
U00895,Science,Cells,medium,10,9,1,90.0,1,42,88.58,92.36,3.78,mastered,0,continue,M0048,2026-03-15
U00896,Digital Literacy,Data Privacy,medium,20,13,7,65.0,1,38,64.6,78.3,13.7,partial,0,review,M0065,2026-03-25
U00897,Science,Force and Motion,easy,10,10,0,100.0,1,20,100,100,0,mastered,0,continue,M0050,2026-02-26
U00898,Mathematics,Statistics,easy,15,10,5,66.67,2,42,73.73,86.8,13.07,partial,0,review,M0012,2026-03-27
U00899,Programming,Data Structures,medium,10,7,3,70.0,1,35,65.2,69.26,4.06,partial,0,review,M0029,2026-05-01
U00900,Programming,Conditional Logic,easy,5,5,0,100.0,1,41,96.21,97.43,1.22,mastered,0,continue,M0020,2026-04-19
U00901,English,Grammar,easy,10,9,1,90.0,3,48,94.06,95.87,1.81,mastered,0,continue,M0035,2026-01-20
U00902,Mathematics,Linear Equations,medium,20,20,0,100.0,1,26,100,100,0,mastered,0,continue,M0013,2026-04-06
U00903,Business,Financial Literacy,medium,15,7,8,46.67,1,47,44.69,62.4,17.71,weak,1,remedial,M0080,2026-04-26
U00904,Programming,Conditional Logic,medium,5,3,2,60.0,1,30,66.88,78.84,11.96,partial,0,review,M0021,2026-02-12
U00905,Business,Financial Literacy,medium,20,14,6,70.0,2,31,73.1,81.97,8.87,partial,0,review,M0081,2026-03-25
U00906,English,Writing,hard,5,3,2,60.0,2,49,66.19,79.57,13.38,partial,0,review,M0044,2026-04-28
U00907,English,Writing,easy,10,4,6,40.0,1,23,39.41,70.44,31.03,weak,1,remedial,M0043,2026-05-31
U00908,Business,Marketing Basics,easy,15,12,3,80.0,1,24,72.76,77.76,5.0,mastered,0,continue,M0078,2026-04-15
U00909,English,Writing,medium,15,7,8,46.67,1,34,49.79,69.35,19.56,weak,1,remedial,M0045,2026-04-08
U00910,Business,Business Communication,easy,5,4,1,80.0,1,33,80.06,80.69,0.63,mastered,0,continue,M0090,2026-01-22
U00911,Business,Entrepreneurship,medium,20,4,16,20.0,1,53,26.61,43.29,16.68,weak,1,remedial,M0086,2026-05-07
U00912,Business,Financial Literacy,easy,10,9,1,90.0,2,33,82.25,84.15,1.9,mastered,0,continue,M0080,2026-05-22
U00913,Mathematics,Algebra Basics,medium,10,3,7,30.0,2,40,33.0,48.11,15.11,weak,1,remedial,M0004,2026-04-10
U00914,English,Reading Comprehension,medium,10,4,6,40.0,1,47,46.84,77.92,31.08,weak,1,remedial,M0037,2026-01-23
U00915,Mathematics,Algebra Basics,medium,5,4,1,80.0,3,58,84.76,88.59,3.83,mastered,0,continue,M0006,2026-03-04
U00916,Digital Literacy,Data Privacy,hard,15,4,11,26.67,2,43,31.6,48.0,16.4,weak,1,remedial,M0066,2026-05-13
U00917,Science,Matter,medium,20,12,8,60.0,2,37,60.83,69.59,8.76,partial,0,review,M0059,2026-03-13
U00918,Digital Literacy,File Management,hard,20,11,9,55.0,1,52,58.97,71.92,12.95,weak,1,remedial,M0069,2026-05-07
U00919,Science,Energy,easy,15,13,2,86.67,1,47,83.91,86.29,2.38,mastered,0,continue,M0054,2026-02-09
U00920,Programming,Loops,easy,15,13,2,86.67,1,34,92.09,93.76,1.67,mastered,0,continue,M0022,2026-04-23
U00921,Business,Financial Literacy,medium,20,15,5,75.0,1,33,80.14,87.33,7.19,partial,0,review,M0080,2026-02-09
U00922,Digital Literacy,File Management,medium,10,8,2,80.0,1,24,87.08,88.93,1.85,mastered,0,continue,M0068,2026-05-12
U00923,English,Reading Comprehension,medium,5,2,3,40.0,2,35,33.1,57.41,24.31,weak,1,remedial,M0039,2026-03-12
U00924,English,Vocabulary,medium,10,7,3,70.0,2,47,62.59,65.81,3.22,partial,0,review,M0032,2026-03-19
U00925,Business,Business Communication,easy,10,5,5,50.0,2,35,45.37,70.21,24.84,weak,1,remedial,M0089,2026-02-01
U00926,Mathematics,Fractions,easy,15,8,7,53.33,2,41,46.85,70.2,23.35,weak,1,remedial,M0003,2026-04-06
U00927,Science,Force and Motion,medium,15,2,13,13.33,4,53,8.42,22.61,14.19,weak,1,remedial,M0049,2026-03-19
U00928,Science,Cells,easy,20,10,10,50.0,2,33,48.21,58.69,10.48,weak,1,remedial,M0047,2026-03-31
U00929,Digital Literacy,Internet Safety,medium,5,5,0,100.0,4,51,98.37,100,1.63,mastered,0,continue,M0061,2026-04-04
U00930,Digital Literacy,Data Privacy,medium,20,15,5,75.0,4,70,71.96,80.87,8.91,partial,0,review,M0065,2026-02-28
U00931,Science,Ecosystem,hard,10,2,8,20.0,2,54,22.06,53.15,31.09,weak,1,remedial,M0057,2026-02-09
U00932,Science,Cells,medium,15,8,7,53.33,2,54,47.99,79.66,31.67,weak,1,remedial,M0047,2026-01-22
U00933,Mathematics,Linear Equations,medium,10,9,1,90.0,3,45,94.23,97.71,3.48,mastered,0,continue,M0013,2026-02-24
U00934,Science,Ecosystem,easy,5,4,1,80.0,1,17,73.6,77.49,3.89,mastered,0,continue,M0056,2026-05-08
U00935,Mathematics,Geometry,medium,10,6,4,60.0,3,60,59.73,71.52,11.79,partial,0,review,M0007,2026-04-18
U00936,Business,Entrepreneurship,medium,10,6,4,60.0,1,33,56.8,65.81,9.01,partial,0,review,M0087,2026-02-26
U00937,Mathematics,Algebra Basics,hard,10,5,5,50.0,1,47,51.03,78.77,27.74,weak,1,remedial,M0005,2026-01-04
U00938,Programming,Loops,easy,5,4,1,80.0,2,34,79.43,79.48,0.05,mastered,0,continue,M0023,2026-02-14
U00939,Mathematics,Geometry,hard,5,4,1,80.0,3,59,80.16,81.99,1.83,mastered,0,continue,M0008,2026-05-12
U00940,Mathematics,Algebra Basics,hard,10,5,5,50.0,1,34,51.18,80.47,29.29,weak,1,remedial,M0006,2026-03-30
U00941,Mathematics,Fractions,hard,5,1,4,20.0,4,56,21.65,34.15,12.5,weak,1,remedial,M0002,2026-01-21
U00942,Science,Cells,easy,15,13,2,86.67,3,57,85.13,87.45,2.32,mastered,0,continue,M0048,2026-04-22
U00943,Mathematics,Fractions,medium,10,5,5,50.0,3,50,49.22,82.03,32.81,weak,1,remedial,M0002,2026-03-09
U00944,English,Vocabulary,medium,15,7,8,46.67,3,34,43.45,65.38,21.93,weak,1,remedial,M0031,2026-01-27
U00945,Mathematics,Fractions,medium,20,15,5,75.0,3,50,80.85,91.65,10.8,partial,0,review,M0002,2026-01-18
U00946,Programming,Data Structures,easy,20,16,4,80.0,1,24,81.55,82.41,0.86,mastered,0,continue,M0030,2026-01-09
U00947,Science,Matter,hard,10,6,4,60.0,4,40,63.32,74.48,11.16,partial,0,review,M0058,2026-04-13
U00948,Digital Literacy,File Management,medium,10,6,4,60.0,1,28,60.51,72.87,12.36,partial,0,review,M0068,2026-03-04
U00949,Mathematics,Fractions,hard,5,1,4,20.0,1,22,18.79,42.04,23.25,weak,1,remedial,M0002,2026-05-20
U00950,Science,Cells,medium,5,3,2,60.0,1,29,58.42,66.4,7.98,partial,0,review,M0046,2026-05-28
U00951,Business,Financial Literacy,medium,20,18,2,90.0,3,56,87.42,87.82,0.4,mastered,0,continue,M0079,2026-02-07
U00952,Business,Financial Literacy,medium,5,0,5,0.0,1,49,6.21,26.35,20.14,weak,1,remedial,M0079,2026-04-30
U00953,English,Vocabulary,medium,15,4,11,26.67,2,32,18.84,30.06,11.22,weak,1,remedial,M0031,2026-03-08
U00954,English,Tenses,hard,10,7,3,70.0,2,62,62.44,66.99,4.55,partial,0,review,M0040,2026-05-27
U00955,Programming,Variables,easy,10,7,3,70.0,2,57,76.63,89.36,12.73,partial,0,review,M0016,2026-04-20
U00956,Programming,Data Structures,medium,5,2,3,40.0,4,48,36.78,67.05,30.27,weak,1,remedial,M0028,2026-05-30
U00957,Science,Force and Motion,medium,15,6,9,40.0,1,31,40.3,54.42,14.12,weak,1,remedial,M0050,2026-04-03
U00958,Science,Cells,easy,20,20,0,100.0,1,51,96.61,97.45,0.84,mastered,0,continue,M0047,2026-02-05
U00959,Programming,Loops,easy,10,9,1,90.0,1,29,89.86,94.19,4.33,mastered,0,continue,M0023,2026-05-27
U00960,Mathematics,Fractions,medium,15,6,9,40.0,1,42,37.65,69.23,31.58,weak,1,remedial,M0001,2026-02-13
U00961,Programming,Functions,medium,10,2,8,20.0,2,41,19.82,50.87,31.05,weak,1,remedial,M0027,2026-03-25
U00962,English,Reading Comprehension,medium,5,2,3,40.0,1,49,45.81,79.46,33.65,weak,1,remedial,M0037,2026-02-20
U00963,English,Grammar,medium,20,9,11,45.0,1,44,41.69,63.58,21.89,weak,1,remedial,M0035,2026-01-06
U00964,Business,Business Communication,medium,10,6,4,60.0,4,60,52.87,62.92,10.05,partial,0,review,M0089,2026-01-14
U00965,English,Grammar,easy,15,7,8,46.67,1,53,54.26,79.67,25.41,weak,1,remedial,M0035,2026-01-29
U00966,English,Tenses,hard,15,9,6,60.0,2,47,67.03,73.78,6.75,partial,0,review,M0041,2026-02-09
U00967,Mathematics,Geometry,medium,20,12,8,60.0,2,47,67.58,75.27,7.69,partial,0,review,M0007,2026-04-09
U00968,Programming,Data Structures,medium,20,15,5,75.0,4,64,74.16,84.75,10.59,partial,0,review,M0029,2026-02-23
U00969,English,Tenses,easy,20,15,5,75.0,4,42,68.62,76.72,8.1,partial,0,review,M0041,2026-04-21
U00970,Mathematics,Geometry,medium,15,6,9,40.0,2,54,33.73,63.3,29.57,weak,1,remedial,M0008,2026-01-28
U00971,English,Reading Comprehension,medium,10,5,5,50.0,2,40,50.16,63.54,13.38,weak,1,remedial,M0038,2026-01-25
U00972,Science,Force and Motion,easy,15,6,9,40.0,2,31,37.75,60.8,23.05,weak,1,remedial,M0050,2026-02-10
U00973,Programming,Loops,easy,15,10,5,66.67,1,44,58.86,62.69,3.83,partial,0,review,M0023,2026-04-21
U00974,Mathematics,Linear Equations,hard,10,1,9,10.0,4,49,6.51,24.08,17.57,weak,1,remedial,M0013,2026-02-07
U00975,Programming,Loops,medium,10,6,4,60.0,2,32,66.72,79.18,12.46,partial,0,review,M0024,2026-03-05
U00976,Business,Business Communication,medium,20,5,15,25.0,4,43,30.68,56.52,25.84,weak,1,remedial,M0089,2026-01-03
U00977,English,Vocabulary,medium,10,4,6,40.0,3,44,32.35,44.96,12.61,weak,1,remedial,M0032,2026-04-10
U00978,English,Reading Comprehension,medium,10,5,5,50.0,2,46,45.67,70.88,25.21,weak,1,remedial,M0039,2026-02-28
U00979,Science,Matter,easy,10,8,2,80.0,1,44,82.3,83.78,1.48,mastered,0,continue,M0058,2026-02-12
U00980,English,Grammar,medium,20,5,15,25.0,2,44,22.01,54.7,32.69,weak,1,remedial,M0036,2026-02-20
U00981,Programming,Variables,medium,5,2,3,40.0,1,32,44.96,63.31,18.35,weak,1,remedial,M0018,2026-04-19
U00982,Science,Energy,easy,10,8,2,80.0,1,54,86.99,87.27,0.28,mastered,0,continue,M0054,2026-05-30
U00983,Digital Literacy,Data Privacy,medium,20,8,12,40.0,4,51,39.25,51.56,12.31,weak,1,remedial,M0066,2026-01-21
U00984,Programming,Loops,medium,5,4,1,80.0,1,30,77.42,79.39,1.97,mastered,0,continue,M0024,2026-05-23
U00985,Digital Literacy,Data Privacy,hard,15,8,7,53.33,5,57,60.77,79.82,19.05,weak,1,remedial,M0064,2026-01-15
U00986,English,Vocabulary,medium,10,6,4,60.0,1,48,53.4,59.17,5.77,partial,0,review,M0031,2026-05-23
U00987,Digital Literacy,Data Privacy,medium,10,6,4,60.0,2,66,67.18,73.12,5.94,partial,0,review,M0065,2026-04-03
U00988,English,Tenses,easy,10,9,1,90.0,1,13,92.04,95.08,3.04,mastered,0,continue,M0041,2026-05-10
U00989,Programming,Loops,hard,5,0,5,0.0,5,84,0,32.17,32.17,weak,1,remedial,M0023,2026-04-27
U00990,Mathematics,Algebra Basics,medium,10,5,5,50.0,3,67,48.87,76.46,27.59,weak,1,remedial,M0006,2026-04-22
U00991,Digital Literacy,Internet Safety,hard,5,3,2,60.0,2,44,64.33,78.25,13.92,partial,0,review,M0063,2026-02-12
U00992,Science,Matter,medium,5,5,0,100.0,4,44,100,100,0,mastered,0,continue,M0058,2026-02-25
U00993,Programming,Conditional Logic,easy,15,10,5,66.67,1,16,59.85,68.6,8.75,partial,0,review,M0019,2026-04-11
U00994,Science,Cells,easy,20,9,11,45.0,1,35,51.21,78.28,27.07,weak,1,remedial,M0048,2026-05-15
U00995,Programming,Variables,easy,20,15,5,75.0,1,44,67.29,74.65,7.36,partial,0,review,M0016,2026-01-09
U00996,Digital Literacy,Internet Safety,medium,15,13,2,86.67,1,47,85.63,88.5,2.87,mastered,0,continue,M0063,2026-01-08
U00997,Digital Literacy,Internet Safety,hard,20,13,7,65.0,1,64,59.72,62.76,3.04,partial,0,review,M0061,2026-03-17
U00998,Mathematics,Fractions,medium,15,10,5,66.67,1,32,63.54,70.74,7.2,partial,0,review,M0002,2026-01-15
U00999,Business,Customer Service,medium,20,7,13,35.0,3,67,34.53,65.45,30.92,weak,1,remedial,M0083,2026-01-18
U01000,English,Grammar,easy,10,8,2,80.0,1,31,81.48,84.22,2.74,mastered,0,continue,M0034,2026-03-20
U01001,English,Tenses,medium,10,1,9,10.0,2,51,14.43,29.47,15.04,weak,1,remedial,M0042,2026-05-14
U01002,Digital Literacy,Online Collaboration,easy,10,2,8,20.0,3,41,19.67,51.77,32.1,weak,1,remedial,M0072,2026-02-02
U01003,Science,Cells,medium,15,0,15,0.0,3,62,3.15,14.43,11.28,weak,1,remedial,M0048,2026-01-03
U01004,Business,Marketing Basics,medium,20,11,9,55.0,4,54,58.74,74.98,16.24,weak,1,remedial,M0078,2026-05-12
U01005,Programming,Data Structures,medium,5,0,5,0.0,1,51,0,23.16,23.16,weak,1,remedial,M0028,2026-03-20
U01006,Business,Marketing Basics,medium,10,1,9,10.0,1,37,4.51,19.28,14.77,weak,1,remedial,M0078,2026-05-09
U01007,English,Reading Comprehension,easy,10,5,5,50.0,1,26,43.9,69.48,25.58,weak,1,remedial,M0037,2026-03-09
U01008,Digital Literacy,Internet Safety,easy,10,8,2,80.0,1,23,76.02,76.99,0.97,mastered,0,continue,M0062,2026-03-09
U01009,English,Writing,easy,20,10,10,50.0,1,30,54.98,73.48,18.5,weak,1,remedial,M0044,2026-01-14
U01010,Programming,Functions,easy,15,11,4,73.33,1,40,75.9,88.74,12.84,partial,0,review,M0025,2026-04-19
U01011,Digital Literacy,Internet Safety,easy,10,4,6,40.0,1,25,36.95,47.78,10.83,weak,1,remedial,M0062,2026-05-02
U01012,Programming,Variables,medium,5,3,2,60.0,1,35,62.38,67.14,4.76,partial,0,review,M0016,2026-03-28
U01013,Programming,Variables,medium,10,0,10,0.0,2,39,0.76,14.39,13.63,weak,1,remedial,M0017,2026-02-19
U01014,Programming,Conditional Logic,medium,5,5,0,100.0,1,41,100,100,0,mastered,0,continue,M0019,2026-05-26
U01015,Science,Cells,medium,15,12,3,80.0,5,81,80.22,83.25,3.03,mastered,0,continue,M0046,2026-05-20
U01016,English,Grammar,medium,5,2,3,40.0,4,68,32.53,52.21,19.68,weak,1,remedial,M0036,2026-04-12
U01017,Digital Literacy,Basic Troubleshooting,easy,10,2,8,20.0,1,28,17.97,45.11,27.14,weak,1,remedial,M0073,2026-04-13
U01018,Mathematics,Fractions,medium,5,3,2,60.0,3,44,52.88,65.8,12.92,partial,0,review,M0001,2026-03-14
U01019,Programming,Conditional Logic,medium,15,13,2,86.67,1,32,81.29,85.1,3.81,mastered,0,continue,M0021,2026-02-28
U01020,Business,Business Communication,easy,5,0,5,0.0,2,25,6.99,32.99,26.0,weak,1,remedial,M0090,2026-04-19
U01021,English,Writing,hard,20,8,12,40.0,1,37,44.03,72.57,28.54,weak,1,remedial,M0045,2026-04-25
U01022,Science,Matter,easy,20,13,7,65.0,2,40,63.99,69.18,5.19,partial,0,review,M0059,2026-03-04
U01023,English,Grammar,hard,5,1,4,20.0,2,61,15.56,29.71,14.15,weak,1,remedial,M0034,2026-04-02
U01024,Digital Literacy,Online Collaboration,easy,10,3,7,30.0,2,36,24.15,42.52,18.37,weak,1,remedial,M0071,2026-03-17
U01025,Digital Literacy,Data Privacy,hard,20,2,18,10.0,3,43,8.78,40.39,31.61,weak,1,remedial,M0065,2026-05-09
U01026,Digital Literacy,Basic Troubleshooting,medium,20,8,12,40.0,1,24,41.64,54.41,12.77,weak,1,remedial,M0074,2026-05-16
U01027,English,Reading Comprehension,medium,10,5,5,50.0,2,41,42.48,60.38,17.9,weak,1,remedial,M0037,2026-01-27
U01028,Science,Cells,easy,10,9,1,90.0,4,55,87.63,88.57,0.94,mastered,0,continue,M0046,2026-01-27
U01029,Programming,Variables,easy,5,5,0,100.0,2,25,98.03,99.8,1.77,mastered,0,continue,M0017,2026-03-17
U01030,Mathematics,Linear Equations,hard,10,4,6,40.0,3,58,40.42,58.17,17.75,weak,1,remedial,M0015,2026-05-09
U01031,Programming,Data Structures,hard,20,4,16,20.0,1,37,12.46,28.54,16.08,weak,1,remedial,M0028,2026-05-10
U01032,Science,Ecosystem,medium,15,6,9,40.0,2,47,42.31,71.49,29.18,weak,1,remedial,M0055,2026-03-07
U01033,English,Grammar,easy,15,15,0,100.0,1,16,100,100,0,mastered,0,continue,M0035,2026-04-28
U01034,Business,Marketing Basics,easy,5,2,3,40.0,1,20,38.26,67.93,29.67,weak,1,remedial,M0077,2026-04-08
U01035,Digital Literacy,Internet Safety,easy,15,10,5,66.67,2,49,68.16,81.26,13.1,partial,0,review,M0061,2026-04-18
U01036,English,Vocabulary,medium,5,5,0,100.0,1,34,100,100,0,mastered,0,continue,M0032,2026-02-06
U01037,Digital Literacy,Data Privacy,easy,20,12,8,60.0,2,24,57.93,65.34,7.41,partial,0,review,M0065,2026-03-24
U01038,Business,Financial Literacy,medium,20,14,6,70.0,1,33,75.98,86.3,10.32,partial,0,review,M0081,2026-02-17
U01039,Mathematics,Geometry,hard,15,7,8,46.67,3,64,54.54,86.49,31.95,weak,1,remedial,M0008,2026-01-03
U01040,Business,Financial Literacy,medium,20,14,6,70.0,2,48,77.28,89.66,12.38,partial,0,review,M0079,2026-03-19
U01041,Business,Financial Literacy,easy,15,9,6,60.0,1,26,60.97,65.92,4.95,partial,0,review,M0081,2026-01-13
U01042,Digital Literacy,Basic Troubleshooting,medium,5,4,1,80.0,1,58,75.47,77.07,1.6,mastered,0,continue,M0075,2026-02-22
U01043,Mathematics,Statistics,hard,10,4,6,40.0,1,30,36.65,54.68,18.03,weak,1,remedial,M0010,2026-01-29
U01044,Programming,Conditional Logic,medium,5,3,2,60.0,1,38,52.93,64.52,11.59,partial,0,review,M0020,2026-03-30
U01045,Business,Financial Literacy,medium,20,7,13,35.0,1,40,32.53,57.72,25.19,weak,1,remedial,M0080,2026-04-12
U01046,Science,Matter,easy,10,9,1,90.0,1,29,96.23,100,3.77,mastered,0,continue,M0059,2026-03-15
U01047,Business,Business Communication,medium,10,8,2,80.0,1,30,75.39,79.24,3.85,mastered,0,continue,M0090,2026-04-18
U01048,Mathematics,Algebra Basics,hard,10,5,5,50.0,1,65,50.3,70.63,20.33,weak,1,remedial,M0005,2026-05-13
U01049,Science,Ecosystem,hard,15,5,10,33.33,1,44,31.96,51.49,19.53,weak,1,remedial,M0055,2026-03-20
U01050,Science,Cells,hard,20,5,15,25.0,2,55,27.11,44.98,17.87,weak,1,remedial,M0047,2026-05-26
U01051,English,Tenses,medium,5,1,4,20.0,1,55,27.45,48.58,21.13,weak,1,remedial,M0040,2026-04-10
U01052,Digital Literacy,Data Privacy,medium,5,4,1,80.0,1,50,84.86,88.81,3.95,mastered,0,continue,M0064,2026-03-03
U01053,English,Writing,medium,15,6,9,40.0,3,67,39.62,67.0,27.38,weak,1,remedial,M0044,2026-04-22
U01054,Programming,Functions,easy,5,5,0,100.0,2,35,100,100,0,mastered,0,continue,M0027,2026-02-28
U01055,Programming,Functions,easy,20,9,11,45.0,3,45,51.19,83.49,32.3,weak,1,remedial,M0025,2026-02-24
U01056,Science,Force and Motion,medium,20,10,10,50.0,1,21,56.92,90.32,33.4,weak,1,remedial,M0050,2026-05-28
U01057,Mathematics,Fractions,hard,5,1,4,20.0,2,54,24.28,56.11,31.83,weak,1,remedial,M0002,2026-02-24
U01058,Business,Business Communication,hard,15,9,6,60.0,1,41,54.66,63.46,8.8,partial,0,review,M0090,2026-01-16
U01059,Digital Literacy,Online Collaboration,medium,20,16,4,80.0,3,33,80.44,83.0,2.56,mastered,0,continue,M0072,2026-04-17
U01060,Business,Entrepreneurship,medium,10,0,10,0.0,1,40,2.95,28.34,25.39,weak,1,remedial,M0086,2026-01-16
U01061,Science,Energy,medium,15,12,3,80.0,1,48,87.87,89.0,1.13,mastered,0,continue,M0052,2026-02-02
U01062,Business,Entrepreneurship,medium,15,8,7,53.33,2,43,47.28,65.84,18.56,weak,1,remedial,M0087,2026-02-21
U01063,Science,Matter,medium,5,0,5,0.0,1,44,0.52,19.39,18.87,weak,1,remedial,M0059,2026-02-10
U01064,Digital Literacy,Data Privacy,medium,10,5,5,50.0,1,38,56.34,71.45,15.11,weak,1,remedial,M0065,2026-01-03
U01065,English,Grammar,easy,10,8,2,80.0,1,15,82.02,85.78,3.76,mastered,0,continue,M0036,2026-01-30
U01066,Science,Ecosystem,medium,20,10,10,50.0,2,42,46.21,80.25,34.04,weak,1,remedial,M0057,2026-05-23
U01067,Programming,Data Structures,easy,20,10,10,50.0,1,5,49.91,71.69,21.78,weak,1,remedial,M0029,2026-05-26
U01068,Digital Literacy,Basic Troubleshooting,medium,10,6,4,60.0,1,47,61.16,75.99,14.83,partial,0,review,M0073,2026-03-07
U01069,Digital Literacy,File Management,hard,15,0,15,0.0,1,36,0,19.76,19.76,weak,1,remedial,M0068,2026-02-22
U01070,Business,Financial Literacy,easy,10,10,0,100.0,3,18,95.33,99.62,4.29,mastered,0,continue,M0079,2026-04-16
U01071,English,Reading Comprehension,hard,20,11,9,55.0,2,53,53.97,78.34,24.37,weak,1,remedial,M0038,2026-03-07
U01072,Science,Force and Motion,medium,10,3,7,30.0,3,58,26.85,48.08,21.23,weak,1,remedial,M0049,2026-05-16
U01073,Digital Literacy,Basic Troubleshooting,easy,20,15,5,75.0,1,37,68.63,75.9,7.27,partial,0,review,M0073,2026-03-02
U01074,Digital Literacy,Online Collaboration,easy,5,3,2,60.0,1,30,58.89,72.86,13.97,partial,0,review,M0070,2026-01-21
U01075,Science,Cells,easy,5,1,4,20.0,2,39,24.61,42.18,17.57,weak,1,remedial,M0047,2026-05-14
U01076,Digital Literacy,Data Privacy,easy,15,6,9,40.0,1,29,39.45,73.53,34.08,weak,1,remedial,M0064,2026-04-06
U01077,Digital Literacy,Internet Safety,medium,5,2,3,40.0,1,21,39.88,61.96,22.08,weak,1,remedial,M0063,2026-01-03
U01078,Business,Customer Service,medium,10,9,1,90.0,2,44,85.32,86.02,0.7,mastered,0,continue,M0082,2026-03-13
U01079,Digital Literacy,File Management,easy,10,2,8,20.0,1,21,13.7,40.96,27.26,weak,1,remedial,M0067,2026-04-17
U01080,Business,Financial Literacy,medium,10,9,1,90.0,1,36,92.69,95.92,3.23,mastered,0,continue,M0079,2026-02-26
U01081,Programming,Variables,easy,15,10,5,66.67,1,32,59.44,65.9,6.46,partial,0,review,M0016,2026-03-30
U01082,Programming,Variables,easy,5,3,2,60.0,3,23,66.02,77.44,11.42,partial,0,review,M0018,2026-05-08
U01083,Mathematics,Geometry,easy,10,6,4,60.0,1,20,55.53,65.95,10.42,partial,0,review,M0009,2026-03-31
U01084,Digital Literacy,Internet Safety,medium,10,8,2,80.0,2,53,84.04,87.06,3.02,mastered,0,continue,M0063,2026-03-30
U01085,Programming,Variables,easy,15,13,2,86.67,1,37,88.22,88.86,0.64,mastered,0,continue,M0017,2026-05-21
U01086,Digital Literacy,Online Collaboration,medium,5,3,2,60.0,5,63,55.3,66.9,11.6,partial,0,review,M0070,2026-03-24
U01087,Programming,Loops,easy,10,4,6,40.0,1,15,46.35,64.61,18.26,weak,1,remedial,M0022,2026-02-18
U01088,Business,Marketing Basics,medium,15,9,6,60.0,4,41,64.92,74.38,9.46,partial,0,review,M0077,2026-05-12
U01089,Programming,Loops,medium,10,10,0,100.0,1,34,100,100,0,mastered,0,continue,M0023,2026-03-30
U01090,Science,Matter,medium,20,19,1,95.0,2,36,99.12,100,0.88,mastered,0,continue,M0059,2026-01-12
U01091,Programming,Loops,easy,10,6,4,60.0,3,27,54.07,64.58,10.51,partial,0,review,M0023,2026-02-23
U01092,Mathematics,Algebra Basics,medium,20,19,1,95.0,2,50,91.34,92.36,1.02,mastered,0,continue,M0004,2026-05-03
U01093,Mathematics,Fractions,medium,15,7,8,46.67,3,39,47.05,59.36,12.31,weak,1,remedial,M0002,2026-05-12
U01094,Science,Cells,hard,10,4,6,40.0,1,35,41.63,58.23,16.6,weak,1,remedial,M0046,2026-04-23
U01095,Mathematics,Geometry,medium,5,4,1,80.0,1,24,87.71,89.48,1.77,mastered,0,continue,M0007,2026-01-01
U01096,Business,Entrepreneurship,medium,10,2,8,20.0,3,64,21.58,36.52,14.94,weak,1,remedial,M0085,2026-03-18
U01097,Business,Customer Service,medium,20,15,5,75.0,1,53,78.99,87.6,8.61,partial,0,review,M0084,2026-01-23
U01098,Science,Cells,easy,10,6,4,60.0,1,44,53.67,65.83,12.16,partial,0,review,M0047,2026-02-19
U01099,Business,Entrepreneurship,easy,20,14,6,70.0,2,32,68.5,75.86,7.36,partial,0,review,M0085,2026-01-09
U01100,Mathematics,Fractions,easy,5,2,3,40.0,1,20,43.62,77.39,33.77,weak,1,remedial,M0001,2026-04-09
U01101,English,Tenses,medium,5,3,2,60.0,2,54,62.66,70.31,7.65,partial,0,review,M0040,2026-01-10
U01102,Digital Literacy,Online Collaboration,easy,10,7,3,70.0,2,33,67.79,78.97,11.18,partial,0,review,M0072,2026-02-20
U01103,Programming,Functions,medium,5,1,4,20.0,1,49,17.45,40.16,22.71,weak,1,remedial,M0027,2026-05-18
U01104,Business,Business Communication,medium,5,0,5,0.0,3,48,0,15.31,15.31,weak,1,remedial,M0090,2026-02-19
U01105,Science,Energy,easy,20,6,14,30.0,4,58,33.47,46.71,13.24,weak,1,remedial,M0052,2026-04-04
U01106,Programming,Functions,medium,5,2,3,40.0,3,40,37.59,61.44,23.85,weak,1,remedial,M0025,2026-05-04
U01107,Digital Literacy,Internet Safety,medium,10,5,5,50.0,4,57,56.08,71.54,15.46,weak,1,remedial,M0063,2026-03-07
U01108,Mathematics,Geometry,easy,10,4,6,40.0,4,49,47.23,79.82,32.59,weak,1,remedial,M0007,2026-05-27
U01109,Digital Literacy,Online Collaboration,easy,15,10,5,66.67,2,38,62.45,75.46,13.01,partial,0,review,M0071,2026-01-23
U01110,English,Reading Comprehension,easy,15,12,3,80.0,2,43,82.18,86.75,4.57,mastered,0,continue,M0039,2026-01-31
U01111,Programming,Data Structures,easy,20,16,4,80.0,3,29,85.1,86.44,1.34,mastered,0,continue,M0029,2026-01-10
U01112,Science,Matter,easy,15,8,7,53.33,4,64,54.2,84.68,30.48,weak,1,remedial,M0058,2026-04-10
U01113,English,Grammar,medium,5,2,3,40.0,4,70,32.38,67.28,34.9,weak,1,remedial,M0036,2026-01-09
U01114,Science,Energy,medium,15,7,8,46.67,1,38,48.23,73.06,24.83,weak,1,remedial,M0053,2026-03-12
U01115,Mathematics,Algebra Basics,medium,10,3,7,30.0,2,46,30.45,43.56,13.11,weak,1,remedial,M0006,2026-01-09
U01116,Digital Literacy,Data Privacy,hard,5,3,2,60.0,3,55,56.33,67.93,11.6,partial,0,review,M0066,2026-03-25
U01117,Programming,Data Structures,hard,15,9,6,60.0,1,45,52.86,62.02,9.16,partial,0,review,M0030,2026-04-19
U01118,Business,Business Communication,easy,15,9,6,60.0,1,33,65.61,75.76,10.15,partial,0,review,M0089,2026-03-30
U01119,English,Writing,medium,10,6,4,60.0,4,42,53.88,59.48,5.6,partial,0,review,M0044,2026-02-07
U01120,English,Writing,hard,10,8,2,80.0,4,79,78.98,79.64,0.66,mastered,0,continue,M0045,2026-05-25
U01121,English,Tenses,medium,20,7,13,35.0,4,54,32.42,66.43,34.01,weak,1,remedial,M0041,2026-05-23
U01122,Programming,Loops,medium,15,13,2,86.67,1,36,85.35,88.94,3.59,mastered,0,continue,M0023,2026-02-21
U01123,Mathematics,Statistics,easy,15,9,6,60.0,5,64,64.2,69.56,5.36,partial,0,review,M0010,2026-01-24
U01124,Mathematics,Geometry,hard,10,6,4,60.0,2,55,59.16,64.19,5.03,partial,0,review,M0009,2026-01-17
U01125,Digital Literacy,Basic Troubleshooting,medium,15,11,4,73.33,3,44,65.81,74.37,8.56,partial,0,review,M0075,2026-02-19
U01126,Business,Financial Literacy,medium,20,5,15,25.0,2,49,20.14,37.12,16.98,weak,1,remedial,M0079,2026-04-07
U01127,Digital Literacy,Internet Safety,hard,20,10,10,50.0,1,61,43.03,65.9,22.87,weak,1,remedial,M0062,2026-03-19
U01128,Business,Business Communication,hard,20,8,12,40.0,1,45,36.09,61.13,25.04,weak,1,remedial,M0088,2026-04-17
U01129,Programming,Conditional Logic,medium,15,10,5,66.67,2,35,65.21,75.74,10.53,partial,0,review,M0019,2026-02-27
U01130,English,Writing,easy,5,3,2,60.0,2,21,63.47,75.82,12.35,partial,0,review,M0043,2026-02-23
U01131,Programming,Data Structures,easy,20,3,17,15.0,5,57,21.46,44.06,22.6,weak,1,remedial,M0028,2026-01-12
U01132,English,Vocabulary,medium,20,13,7,65.0,1,32,63.58,71.36,7.78,partial,0,review,M0031,2026-02-14
U01133,Programming,Conditional Logic,medium,20,4,16,20.0,5,66,13.33,36.39,23.06,weak,1,remedial,M0020,2026-04-27
U01134,Business,Business Communication,easy,10,8,2,80.0,1,5,76.75,77.48,0.73,mastered,0,continue,M0088,2026-05-16
U01135,Programming,Variables,easy,10,5,5,50.0,2,37,51.71,66.47,14.76,weak,1,remedial,M0017,2026-04-04
U01136,Business,Financial Literacy,easy,20,12,8,60.0,3,38,61.96,71.58,9.62,partial,0,review,M0081,2026-02-27
U01137,Programming,Data Structures,medium,5,3,2,60.0,3,67,55.82,67.98,12.16,partial,0,review,M0028,2026-01-15
U01138,Business,Customer Service,medium,5,4,1,80.0,2,41,83.41,84.7,1.29,mastered,0,continue,M0083,2026-01-12
U01139,Science,Energy,medium,15,8,7,53.33,3,38,58.43,78.7,20.27,weak,1,remedial,M0052,2026-04-09
U01140,Business,Marketing Basics,easy,20,10,10,50.0,4,53,54.56,66.68,12.12,weak,1,remedial,M0078,2026-05-31
U01141,Science,Force and Motion,medium,10,7,3,70.0,3,56,75.06,88.19,13.13,partial,0,review,M0049,2026-04-05
U01142,Science,Force and Motion,hard,20,8,12,40.0,4,72,42.67,76.3,33.63,weak,1,remedial,M0051,2026-05-21
U01143,English,Grammar,medium,15,7,8,46.67,1,52,42.6,66.48,23.88,weak,1,remedial,M0036,2026-02-25
U01144,Mathematics,Geometry,medium,10,4,6,40.0,1,42,34.52,59.29,24.77,weak,1,remedial,M0009,2026-05-31
U01145,Programming,Loops,medium,5,4,1,80.0,3,43,83.54,87.76,4.22,mastered,0,continue,M0023,2026-01-15
U01146,English,Reading Comprehension,hard,20,10,10,50.0,1,43,52.3,87.1,34.8,weak,1,remedial,M0037,2026-03-07
U01147,Programming,Conditional Logic,medium,20,11,9,55.0,4,76,59.8,82.42,22.62,weak,1,remedial,M0021,2026-04-17
U01148,Digital Literacy,Basic Troubleshooting,medium,10,8,2,80.0,2,45,85.93,90.12,4.19,mastered,0,continue,M0074,2026-02-11
U01149,Science,Force and Motion,easy,15,13,2,86.67,1,41,79.46,82.77,3.31,mastered,0,continue,M0050,2026-01-13
U01150,Programming,Data Structures,medium,5,3,2,60.0,2,39,59.8,67.59,7.79,partial,0,review,M0029,2026-05-12
U01151,Mathematics,Linear Equations,easy,15,8,7,53.33,2,28,54.11,78.26,24.15,weak,1,remedial,M0015,2026-03-26
U01152,Programming,Loops,medium,10,9,1,90.0,3,37,96.42,99.33,2.91,mastered,0,continue,M0024,2026-01-31
U01153,English,Grammar,medium,10,5,5,50.0,2,42,44.99,74.97,29.98,weak,1,remedial,M0034,2026-03-05
U01154,Business,Entrepreneurship,medium,15,12,3,80.0,5,57,76.64,79.36,2.72,mastered,0,continue,M0087,2026-01-04
U01155,Business,Financial Literacy,easy,15,8,7,53.33,3,34,55.91,80.66,24.75,weak,1,remedial,M0081,2026-05-07
U01156,Business,Entrepreneurship,medium,20,8,12,40.0,3,39,34.2,51.11,16.91,weak,1,remedial,M0086,2026-03-30
U01157,English,Vocabulary,medium,10,3,7,30.0,4,41,32.02,61.45,29.43,weak,1,remedial,M0032,2026-05-21
U01158,Business,Entrepreneurship,medium,20,19,1,95.0,5,41,87.05,89.45,2.4,mastered,0,continue,M0085,2026-05-23
U01159,Digital Literacy,File Management,medium,20,14,6,70.0,2,42,68.62,79.53,10.91,partial,0,review,M0068,2026-01-29
U01160,Business,Marketing Basics,easy,20,13,7,65.0,3,46,71.14,84.05,12.91,partial,0,review,M0076,2026-02-25
U01161,Business,Business Communication,easy,5,2,3,40.0,2,36,47.27,60.27,13.0,weak,1,remedial,M0088,2026-04-23
U01162,Business,Customer Service,hard,20,12,8,60.0,2,32,57.96,62.07,4.11,partial,0,review,M0082,2026-01-12
U01163,Programming,Variables,medium,15,4,11,26.67,1,42,26.6,41.93,15.33,weak,1,remedial,M0016,2026-03-20
U01164,English,Grammar,easy,20,14,6,70.0,3,50,73.37,85.98,12.61,partial,0,review,M0036,2026-05-24
U01165,Digital Literacy,Basic Troubleshooting,medium,20,14,6,70.0,3,40,75.25,80.93,5.68,partial,0,review,M0073,2026-05-18
U01166,Digital Literacy,Internet Safety,medium,20,20,0,100.0,1,25,98.57,100,1.43,mastered,0,continue,M0062,2026-04-27
U01167,Mathematics,Algebra Basics,hard,20,7,13,35.0,2,57,42.57,55.22,12.65,weak,1,remedial,M0004,2026-01-10
U01168,Science,Force and Motion,medium,5,4,1,80.0,1,35,87.08,87.19,0.11,mastered,0,continue,M0051,2026-03-21
U01169,Digital Literacy,Online Collaboration,medium,5,3,2,60.0,2,40,52.25,56.66,4.41,partial,0,review,M0071,2026-04-30
U01170,Mathematics,Algebra Basics,easy,15,13,2,86.67,3,43,82.31,87.22,4.91,mastered,0,continue,M0005,2026-04-24
U01171,Digital Literacy,Basic Troubleshooting,hard,10,7,3,70.0,4,58,63.55,76.0,12.45,partial,0,review,M0073,2026-04-29
U01172,English,Writing,easy,20,10,10,50.0,4,31,52.24,62.93,10.69,weak,1,remedial,M0043,2026-05-06
U01173,Mathematics,Algebra Basics,medium,10,3,7,30.0,1,40,31.78,48.53,16.75,weak,1,remedial,M0004,2026-04-16
U01174,Business,Marketing Basics,medium,15,7,8,46.67,1,26,44.24,55.64,11.4,weak,1,remedial,M0076,2026-03-27
U01175,Business,Financial Literacy,medium,5,1,4,20.0,3,39,25.16,57.96,32.8,weak,1,remedial,M0080,2026-02-16
U01176,English,Tenses,medium,20,17,3,85.0,1,52,87.43,88.88,1.45,mastered,0,continue,M0041,2026-01-06
U01177,Digital Literacy,Internet Safety,easy,5,5,0,100.0,2,44,100,100,0,mastered,0,continue,M0062,2026-01-08
U01178,Science,Matter,easy,10,5,5,50.0,2,36,51.56,84.92,33.36,weak,1,remedial,M0059,2026-03-10
U01179,Programming,Functions,medium,15,3,12,20.0,2,55,25.81,55.84,30.03,weak,1,remedial,M0026,2026-01-28
U01180,Digital Literacy,Data Privacy,easy,10,1,9,10.0,1,20,10.84,26.63,15.79,weak,1,remedial,M0064,2026-02-01
U01181,Mathematics,Geometry,easy,10,6,4,60.0,4,31,54.92,65.42,10.5,partial,0,review,M0008,2026-03-09
U01182,Programming,Conditional Logic,hard,20,2,18,10.0,3,60,5.47,27.89,22.42,weak,1,remedial,M0020,2026-04-02
U01183,Science,Force and Motion,easy,5,5,0,100.0,1,34,100,100,0,mastered,0,continue,M0049,2026-03-12
U01184,Mathematics,Geometry,medium,5,4,1,80.0,2,38,72.3,75.34,3.04,mastered,0,continue,M0008,2026-02-08
U01185,Programming,Variables,medium,20,4,16,20.0,1,44,20.61,50.47,29.86,weak,1,remedial,M0016,2026-03-14
U01186,Mathematics,Statistics,easy,10,9,1,90.0,1,19,87.36,88.84,1.48,mastered,0,continue,M0011,2026-02-15
U01187,Programming,Functions,medium,15,13,2,86.67,4,56,83.4,87.75,4.35,mastered,0,continue,M0027,2026-03-15
U01188,Mathematics,Statistics,medium,20,11,9,55.0,1,45,56.27,79.72,23.45,weak,1,remedial,M0011,2026-02-25
U01189,Science,Ecosystem,easy,10,7,3,70.0,1,20,75.41,82.89,7.48,partial,0,review,M0057,2026-02-15
U01190,Science,Matter,easy,5,5,0,100.0,1,45,100,100,0,mastered,0,continue,M0060,2026-03-29
U01191,Science,Matter,hard,15,6,9,40.0,5,75,42.47,55.6,13.13,weak,1,remedial,M0060,2026-03-24
U01192,Science,Matter,easy,20,15,5,75.0,1,21,75.06,86.49,11.43,partial,0,review,M0059,2026-02-17
U01193,Mathematics,Geometry,hard,20,9,11,45.0,1,48,50.91,81.77,30.86,weak,1,remedial,M0009,2026-02-10
U01194,Mathematics,Geometry,medium,5,2,3,40.0,1,45,39.25,69.13,29.88,weak,1,remedial,M0007,2026-04-04
U01195,Business,Customer Service,easy,20,20,0,100.0,1,45,100,100,0,mastered,0,continue,M0082,2026-05-31
U01196,Science,Energy,easy,15,8,7,53.33,3,43,49.04,72.19,23.15,weak,1,remedial,M0054,2026-03-12
U01197,Mathematics,Fractions,medium,20,19,1,95.0,1,44,92.5,93.88,1.38,mastered,0,continue,M0002,2026-04-28
U01198,English,Reading Comprehension,medium,10,7,3,70.0,2,53,74.89,82.15,7.26,partial,0,review,M0039,2026-05-18
U01199,Science,Energy,easy,10,7,3,70.0,1,48,66.54,74.72,8.18,partial,0,review,M0053,2026-01-30
U01200,Science,Matter,medium,20,7,13,35.0,1,23,28.2,39.24,11.04,weak,1,remedial,M0059,2026-04-01
U01201,Business,Entrepreneurship,easy,15,13,2,86.67,1,25,93.78,96.76,2.98,mastered,0,continue,M0087,2026-03-14
U01202,Mathematics,Geometry,hard,5,1,4,20.0,4,58,27.07,49.96,22.89,weak,1,remedial,M0009,2026-05-25
U01203,Digital Literacy,Online Collaboration,easy,15,9,6,60.0,1,22,56.61,70.86,14.25,partial,0,review,M0070,2026-04-10
U01204,Science,Ecosystem,easy,10,4,6,40.0,1,52,32.81,46.75,13.94,weak,1,remedial,M0057,2026-05-19
U01205,Digital Literacy,File Management,medium,15,15,0,100.0,1,46,93.43,98.13,4.7,mastered,0,continue,M0067,2026-02-15
U01206,Mathematics,Statistics,hard,15,8,7,53.33,2,69,47.97,80.2,32.23,weak,1,remedial,M0011,2026-04-12
U01207,Business,Business Communication,easy,10,7,3,70.0,4,45,77.61,84.72,7.11,partial,0,review,M0090,2026-04-19
U01208,Business,Entrepreneurship,hard,15,7,8,46.67,3,53,39.71,57.13,17.42,weak,1,remedial,M0086,2026-02-21
U01209,English,Vocabulary,medium,20,5,15,25.0,1,37,19.23,29.45,10.22,weak,1,remedial,M0031,2026-02-17
U01210,Programming,Loops,easy,15,13,2,86.67,2,44,80.62,83.72,3.1,mastered,0,continue,M0022,2026-04-03
U01211,Business,Financial Literacy,easy,10,10,0,100.0,4,26,100,100,0,mastered,0,continue,M0080,2026-04-14
U01212,Science,Matter,easy,20,16,4,80.0,1,35,81.05,85.3,4.25,mastered,0,continue,M0058,2026-02-06
U01213,English,Tenses,medium,10,8,2,80.0,2,64,78.66,79.19,0.53,mastered,0,continue,M0041,2026-01-26
U01214,English,Writing,medium,20,13,7,65.0,3,31,60.67,67.27,6.6,partial,0,review,M0043,2026-05-24
U01215,Digital Literacy,Data Privacy,medium,10,6,4,60.0,2,31,53.46,64.54,11.08,partial,0,review,M0064,2026-02-10
U01216,Mathematics,Fractions,medium,5,5,0,100.0,1,27,100,100,0,mastered,0,continue,M0001,2026-03-16
U01217,Mathematics,Linear Equations,medium,5,5,0,100.0,4,61,100,100,0,mastered,0,continue,M0014,2026-04-13
U01218,Digital Literacy,Internet Safety,easy,5,1,4,20.0,1,29,16.7,34.42,17.72,weak,1,remedial,M0061,2026-03-07
U01219,Programming,Data Structures,hard,20,10,10,50.0,2,48,55.4,69.59,14.19,weak,1,remedial,M0029,2026-01-04
U01220,Mathematics,Geometry,hard,10,4,6,40.0,1,44,36.64,59.87,23.23,weak,1,remedial,M0009,2026-02-25
U01221,Programming,Functions,medium,5,0,5,0.0,1,33,0,14.72,14.72,weak,1,remedial,M0026,2026-03-07
U01222,Programming,Functions,medium,5,2,3,40.0,1,35,44.67,56.61,11.94,weak,1,remedial,M0027,2026-03-13
U01223,Mathematics,Fractions,medium,5,4,1,80.0,2,46,82.48,83.62,1.14,mastered,0,continue,M0001,2026-04-26
U01224,Science,Energy,medium,5,3,2,60.0,1,39,63.6,73.18,9.58,partial,0,review,M0054,2026-01-07
U01225,Mathematics,Linear Equations,hard,10,8,2,80.0,1,49,78.29,80.99,2.7,mastered,0,continue,M0014,2026-05-26
U01226,Science,Matter,medium,10,3,7,30.0,1,40,23.99,58.91,34.92,weak,1,remedial,M0059,2026-03-27
U01227,Business,Entrepreneurship,medium,20,15,5,75.0,2,50,69.18,82.52,13.34,partial,0,review,M0087,2026-02-08
U01228,Mathematics,Linear Equations,hard,10,3,7,30.0,2,62,24.61,57.14,32.53,weak,1,remedial,M0013,2026-03-04
U01229,Digital Literacy,Basic Troubleshooting,medium,20,9,11,45.0,1,38,43.25,57.2,13.95,weak,1,remedial,M0073,2026-04-16
U01230,Science,Force and Motion,easy,5,4,1,80.0,1,31,84.8,87.44,2.64,mastered,0,continue,M0050,2026-02-16
U01231,Programming,Conditional Logic,medium,5,1,4,20.0,1,46,26.23,42.85,16.62,weak,1,remedial,M0021,2026-03-27
U01232,Science,Energy,easy,5,5,0,100.0,1,36,100,100,0,mastered,0,continue,M0053,2026-02-14
U01233,English,Tenses,easy,20,13,7,65.0,5,59,61.16,73.04,11.88,partial,0,review,M0040,2026-01-07
U01234,Business,Business Communication,easy,15,9,6,60.0,1,19,59.13,65.84,6.71,partial,0,review,M0088,2026-02-07
U01235,Mathematics,Linear Equations,hard,5,5,0,100.0,3,62,92.03,93.3,1.27,mastered,0,continue,M0013,2026-02-17
U01236,Science,Force and Motion,medium,20,11,9,55.0,1,48,51.31,67.74,16.43,weak,1,remedial,M0049,2026-05-02
U01237,Programming,Functions,easy,20,4,16,20.0,3,34,19.5,47.5,28.0,weak,1,remedial,M0025,2026-01-11
U01238,English,Writing,easy,15,14,1,93.33,1,37,96.15,100,3.85,mastered,0,continue,M0044,2026-01-05
U01239,Science,Energy,hard,10,6,4,60.0,5,65,58.48,64.36,5.88,partial,0,review,M0052,2026-03-12
U01240,Business,Financial Literacy,medium,20,18,2,90.0,2,40,92.24,92.65,0.41,mastered,0,continue,M0080,2026-03-25
U01241,Programming,Conditional Logic,hard,10,5,5,50.0,2,51,42.94,59.5,16.56,weak,1,remedial,M0019,2026-03-29
U01242,Digital Literacy,Internet Safety,hard,15,8,7,53.33,2,63,47.58,67.53,19.95,weak,1,remedial,M0061,2026-02-22
U01243,English,Tenses,easy,20,17,3,85.0,2,33,89.87,92.02,2.15,mastered,0,continue,M0042,2026-02-16
U01244,Business,Marketing Basics,medium,10,1,9,10.0,4,66,7.47,41.32,33.85,weak,1,remedial,M0077,2026-03-21
U01245,English,Reading Comprehension,easy,5,2,3,40.0,1,26,37.04,52.18,15.14,weak,1,remedial,M0037,2026-05-18
U01246,Digital Literacy,Data Privacy,easy,10,9,1,90.0,1,35,88.17,89.58,1.41,mastered,0,continue,M0064,2026-03-23
U01247,Business,Marketing Basics,medium,15,8,7,53.33,4,48,47.85,76.36,28.51,weak,1,remedial,M0077,2026-05-10
U01248,Digital Literacy,Data Privacy,medium,5,1,4,20.0,5,75,25.28,44.24,18.96,weak,1,remedial,M0064,2026-04-09
U01249,Business,Customer Service,medium,5,3,2,60.0,3,58,67.5,72.54,5.04,partial,0,review,M0082,2026-05-15
U01250,Science,Ecosystem,medium,15,3,12,20.0,1,39,20.06,30.76,10.7,weak,1,remedial,M0057,2026-03-21
U01251,Business,Marketing Basics,medium,5,4,1,80.0,2,55,73.4,77.83,4.43,mastered,0,continue,M0077,2026-05-04
U01252,English,Grammar,medium,15,5,10,33.33,1,49,38.7,65.63,26.93,weak,1,remedial,M0034,2026-04-18
U01253,Science,Matter,hard,15,10,5,66.67,1,43,61.0,72.51,11.51,partial,0,review,M0060,2026-04-26
U01254,Business,Customer Service,medium,20,14,6,70.0,1,36,66.51,76.55,10.04,partial,0,review,M0084,2026-01-03
U01255,Mathematics,Statistics,medium,5,5,0,100.0,3,51,95.02,97.11,2.09,mastered,0,continue,M0010,2026-04-01
U01256,Science,Ecosystem,medium,15,7,8,46.67,1,40,49.61,65.34,15.73,weak,1,remedial,M0056,2026-04-16
U01257,Mathematics,Fractions,medium,10,1,9,10.0,3,70,10.04,22.01,11.97,weak,1,remedial,M0002,2026-01-08
U01258,Programming,Functions,medium,20,13,7,65.0,3,63,68.83,73.34,4.51,partial,0,review,M0027,2026-04-25
U01259,Business,Customer Service,medium,5,4,1,80.0,1,45,74.43,78.68,4.25,mastered,0,continue,M0084,2026-03-16
U01260,Digital Literacy,Basic Troubleshooting,easy,15,7,8,46.67,1,23,53.82,82.59,28.77,weak,1,remedial,M0073,2026-05-26
U01261,Business,Customer Service,medium,5,1,4,20.0,1,20,18.55,38.43,19.88,weak,1,remedial,M0084,2026-03-02
U01262,Digital Literacy,Basic Troubleshooting,hard,15,13,2,86.67,4,67,87.94,89.36,1.42,mastered,0,continue,M0073,2026-04-28
U01263,Mathematics,Statistics,medium,15,8,7,53.33,2,55,60.44,75.42,14.98,weak,1,remedial,M0011,2026-02-27
U01264,English,Reading Comprehension,medium,20,14,6,70.0,4,55,72.46,81.4,8.94,partial,0,review,M0037,2026-01-13
U01265,English,Writing,hard,20,15,5,75.0,1,59,82.46,96.56,14.1,partial,0,review,M0044,2026-02-23
U01266,Digital Literacy,Basic Troubleshooting,hard,15,6,9,40.0,1,39,32.21,49.55,17.34,weak,1,remedial,M0075,2026-05-19
U01267,Business,Customer Service,medium,10,10,0,100.0,2,44,100,100,0,mastered,0,continue,M0082,2026-03-05
U01268,Digital Literacy,Basic Troubleshooting,medium,20,16,4,80.0,3,37,82.63,85.8,3.17,mastered,0,continue,M0075,2026-04-25
U01269,Business,Marketing Basics,easy,20,10,10,50.0,1,33,47.72,73.33,25.61,weak,1,remedial,M0076,2026-03-02
U01270,Business,Marketing Basics,easy,5,5,0,100.0,3,35,99.45,100,0.55,mastered,0,continue,M0077,2026-03-14
U01271,Digital Literacy,Online Collaboration,medium,15,4,11,26.67,1,14,30.86,43.44,12.58,weak,1,remedial,M0070,2026-03-22
U01272,Business,Entrepreneurship,medium,10,8,2,80.0,2,41,75.35,75.69,0.34,mastered,0,continue,M0087,2026-02-27
U01273,English,Tenses,easy,5,1,4,20.0,4,51,15.91,41.5,25.59,weak,1,remedial,M0041,2026-02-05
U01274,English,Reading Comprehension,medium,15,1,14,6.67,1,26,1.24,34.48,33.24,weak,1,remedial,M0039,2026-04-07
U01275,Digital Literacy,Online Collaboration,hard,15,10,5,66.67,3,63,71.38,85.94,14.56,partial,0,review,M0072,2026-02-27
U01276,Programming,Data Structures,medium,5,5,0,100.0,2,43,94.63,97.32,2.69,mastered,0,continue,M0030,2026-03-03
U01277,Mathematics,Geometry,medium,5,1,4,20.0,5,60,25.25,47.84,22.59,weak,1,remedial,M0009,2026-04-22
U01278,Business,Financial Literacy,easy,10,10,0,100.0,1,34,92.32,93.17,0.85,mastered,0,continue,M0080,2026-05-20
U01279,Science,Force and Motion,medium,15,5,10,33.33,3,54,29.83,41.85,12.02,weak,1,remedial,M0049,2026-04-21
U01280,Programming,Loops,hard,10,9,1,90.0,1,32,82.04,85.22,3.18,mastered,0,continue,M0023,2026-04-07
U01281,Programming,Conditional Logic,hard,15,3,12,20.0,2,49,25.17,44.66,19.49,weak,1,remedial,M0019,2026-03-21
U01282,English,Vocabulary,hard,20,8,12,40.0,2,49,38.0,52.22,14.22,weak,1,remedial,M0033,2026-01-07
U01283,English,Vocabulary,hard,20,12,8,60.0,3,64,65.75,76.91,11.16,partial,0,review,M0031,2026-01-29
U01284,Science,Ecosystem,medium,5,2,3,40.0,1,49,32.87,63.33,30.46,weak,1,remedial,M0057,2026-02-13
U01285,English,Vocabulary,medium,10,3,7,30.0,1,32,35.49,59.54,24.05,weak,1,remedial,M0032,2026-05-15
U01286,Mathematics,Algebra Basics,easy,5,3,2,60.0,3,39,67.0,76.13,9.13,partial,0,review,M0005,2026-01-28
U01287,English,Writing,easy,15,9,6,60.0,4,40,60.48,67.43,6.95,partial,0,review,M0044,2026-02-23
U01288,Science,Energy,medium,20,15,5,75.0,1,18,73.43,78.07,4.64,partial,0,review,M0054,2026-03-26
U01289,Science,Ecosystem,medium,20,13,7,65.0,2,55,70.59,74.09,3.5,partial,0,review,M0057,2026-05-18
U01290,English,Grammar,easy,20,11,9,55.0,1,42,61.87,88.45,26.58,weak,1,remedial,M0036,2026-03-06
U01291,Mathematics,Geometry,medium,20,10,10,50.0,4,48,50.1,64.63,14.53,weak,1,remedial,M0008,2026-03-05
U01292,English,Vocabulary,easy,15,12,3,80.0,2,31,76.13,80.91,4.78,mastered,0,continue,M0033,2026-01-17
U01293,Digital Literacy,Online Collaboration,easy,15,4,11,26.67,1,9,20.2,48.94,28.74,weak,1,remedial,M0070,2026-01-02
U01294,Mathematics,Geometry,easy,20,12,8,60.0,3,36,54.39,67.76,13.37,partial,0,review,M0007,2026-05-03
U01295,Business,Financial Literacy,hard,20,6,14,30.0,2,30,33.21,49.64,16.43,weak,1,remedial,M0079,2026-03-31
U01296,Science,Cells,easy,5,4,1,80.0,1,34,87.89,91.56,3.67,mastered,0,continue,M0047,2026-01-27
U01297,Science,Ecosystem,easy,15,4,11,26.67,1,38,19.74,42.5,22.76,weak,1,remedial,M0056,2026-03-11
U01298,Science,Force and Motion,easy,5,5,0,100.0,1,30,100,100,0,mastered,0,continue,M0049,2026-02-17
U01299,Science,Cells,easy,5,2,3,40.0,1,39,32.07,47.93,15.86,weak,1,remedial,M0048,2026-02-15
U01300,English,Grammar,medium,5,2,3,40.0,2,43,37.85,70.09,32.24,weak,1,remedial,M0034,2026-05-13
U01301,Mathematics,Geometry,medium,10,2,8,20.0,2,46,27.42,41.33,13.91,weak,1,remedial,M0008,2026-01-10
U01302,Digital Literacy,Online Collaboration,medium,15,11,4,73.33,1,38,73.05,85.19,12.14,partial,0,review,M0072,2026-04-25
U01303,Business,Customer Service,easy,10,7,3,70.0,2,54,68.67,72.74,4.07,partial,0,review,M0083,2026-04-07
U01304,Mathematics,Geometry,easy,20,17,3,85.0,3,58,90.83,94.47,3.64,mastered,0,continue,M0009,2026-01-31
U01305,Programming,Functions,medium,20,16,4,80.0,2,49,72.61,73.53,0.92,mastered,0,continue,M0025,2026-03-02
U01306,Mathematics,Fractions,medium,20,4,16,20.0,2,32,23.04,41.07,18.03,weak,1,remedial,M0001,2026-02-14
U01307,Science,Cells,hard,10,7,3,70.0,2,51,65.76,74.78,9.02,partial,0,review,M0048,2026-04-12
U01308,English,Vocabulary,medium,15,2,13,13.33,1,41,19.19,38.29,19.1,weak,1,remedial,M0032,2026-05-06
U01309,English,Reading Comprehension,medium,5,4,1,80.0,4,65,79.58,82.23,2.65,mastered,0,continue,M0039,2026-05-20
U01310,Digital Literacy,Internet Safety,medium,5,3,2,60.0,1,26,58.63,64.46,5.83,partial,0,review,M0061,2026-05-01
U01311,English,Grammar,hard,5,1,4,20.0,1,61,25.15,56.26,31.11,weak,1,remedial,M0036,2026-01-05
U01312,Mathematics,Statistics,medium,5,3,2,60.0,2,35,56.44,71.37,14.93,partial,0,review,M0012,2026-03-14
U01313,Business,Financial Literacy,medium,5,5,0,100.0,1,26,100,100,0,mastered,0,continue,M0080,2026-02-04
U01314,Mathematics,Fractions,easy,5,3,2,60.0,3,49,64.57,76.61,12.04,partial,0,review,M0003,2026-02-26
U01315,Programming,Loops,easy,15,5,10,33.33,2,34,36.71,51.45,14.74,weak,1,remedial,M0022,2026-05-30
U01316,Science,Matter,medium,15,0,15,0.0,1,40,0,13.27,13.27,weak,1,remedial,M0060,2026-01-14
U01317,Programming,Loops,easy,5,4,1,80.0,2,37,78.95,82.54,3.59,mastered,0,continue,M0024,2026-01-21
U01318,Programming,Data Structures,easy,15,11,4,73.33,2,24,75.29,84.21,8.92,partial,0,review,M0029,2026-05-26
U01319,Mathematics,Statistics,medium,10,10,0,100.0,1,34,100,100,0,mastered,0,continue,M0010,2026-05-25
U01320,Business,Entrepreneurship,medium,5,5,0,100.0,4,63,100,100,0,mastered,0,continue,M0086,2026-04-19
U01321,English,Grammar,medium,10,7,3,70.0,2,39,65.4,79.24,13.84,partial,0,review,M0034,2026-04-10
U01322,English,Writing,hard,15,12,3,80.0,1,36,86.2,91.1,4.9,mastered,0,continue,M0045,2026-05-08
U01323,Business,Customer Service,medium,5,4,1,80.0,1,39,87.82,92.41,4.59,mastered,0,continue,M0083,2026-02-06
U01324,English,Reading Comprehension,medium,20,20,0,100.0,1,29,100,100,0,mastered,0,continue,M0038,2026-03-27
U01325,Science,Energy,easy,5,4,1,80.0,3,65,77.74,78.13,0.39,mastered,0,continue,M0053,2026-01-15
U01326,Science,Matter,medium,5,3,2,60.0,2,65,62.11,73.16,11.05,partial,0,review,M0058,2026-04-17
U01327,English,Grammar,medium,10,6,4,60.0,1,41,57.21,68.66,11.45,partial,0,review,M0034,2026-05-03
U01328,Mathematics,Fractions,medium,10,10,0,100.0,1,16,94.17,97.21,3.04,mastered,0,continue,M0001,2026-05-15
U01329,English,Grammar,medium,15,2,13,13.33,1,49,16.75,41.96,25.21,weak,1,remedial,M0034,2026-03-02
U01330,English,Grammar,medium,20,10,10,50.0,1,52,50.74,84.11,33.37,weak,1,remedial,M0035,2026-03-22
U01331,Science,Energy,hard,15,7,8,46.67,5,57,51.24,68.63,17.39,weak,1,remedial,M0053,2026-03-04
U01332,Programming,Conditional Logic,easy,20,15,5,75.0,1,44,81.53,84.58,3.05,partial,0,review,M0020,2026-02-03
U01333,Science,Cells,medium,20,13,7,65.0,2,36,62.8,67.2,4.4,partial,0,review,M0046,2026-05-18
U01334,English,Reading Comprehension,easy,20,8,12,40.0,1,42,35.0,59.87,24.87,weak,1,remedial,M0039,2026-01-08
U01335,Mathematics,Geometry,medium,15,8,7,53.33,1,49,49.12,68.42,19.3,weak,1,remedial,M0007,2026-04-05
U01336,Digital Literacy,Online Collaboration,easy,5,5,0,100.0,1,29,99.53,100,0.47,mastered,0,continue,M0072,2026-02-07
U01337,Business,Entrepreneurship,hard,20,16,4,80.0,2,60,87.57,92.52,4.95,mastered,0,continue,M0087,2026-01-07
U01338,Business,Marketing Basics,easy,20,16,4,80.0,4,60,84.58,88.82,4.24,mastered,0,continue,M0077,2026-01-09
U01339,Digital Literacy,Basic Troubleshooting,easy,20,14,6,70.0,2,20,75.25,80.45,5.2,partial,0,review,M0075,2026-03-27
U01340,Programming,Functions,medium,10,2,8,20.0,2,39,22.94,45.49,22.55,weak,1,remedial,M0026,2026-05-13
U01341,Mathematics,Statistics,medium,10,9,1,90.0,2,24,84.09,88.98,4.89,mastered,0,continue,M0011,2026-01-11
U01342,Programming,Loops,medium,5,2,3,40.0,1,46,40.42,54.24,13.82,weak,1,remedial,M0022,2026-01-05
U01343,English,Vocabulary,medium,20,18,2,90.0,2,54,82.37,86.74,4.37,mastered,0,continue,M0033,2026-01-10
U01344,Business,Entrepreneurship,easy,15,12,3,80.0,2,47,75.53,77.28,1.75,mastered,0,continue,M0086,2026-02-17
U01345,English,Reading Comprehension,medium,20,10,10,50.0,4,59,42.22,66.97,24.75,weak,1,remedial,M0037,2026-04-12
U01346,Science,Matter,hard,5,4,1,80.0,1,58,74.46,76.66,2.2,mastered,0,continue,M0058,2026-02-09
U01347,English,Grammar,medium,10,5,5,50.0,2,36,49.22,70.88,21.66,weak,1,remedial,M0034,2026-02-26
U01348,Mathematics,Geometry,medium,5,2,3,40.0,1,27,36.18,70.39,34.21,weak,1,remedial,M0009,2026-05-09
U01349,Business,Financial Literacy,medium,20,17,3,85.0,3,48,81.98,83.29,1.31,mastered,0,continue,M0080,2026-01-01
U01350,Programming,Functions,medium,10,7,3,70.0,1,53,72.67,78.95,6.28,partial,0,review,M0025,2026-04-03
U01351,Programming,Functions,easy,15,8,7,53.33,1,35,47.8,68.04,20.24,weak,1,remedial,M0026,2026-04-25
U01352,Business,Entrepreneurship,medium,20,15,5,75.0,3,57,82.42,85.47,3.05,partial,0,review,M0087,2026-03-26
U01353,Programming,Functions,medium,20,18,2,90.0,3,56,90.6,94.94,4.34,mastered,0,continue,M0027,2026-02-26
U01354,Digital Literacy,Basic Troubleshooting,hard,15,5,10,33.33,1,55,27.59,60.41,32.82,weak,1,remedial,M0075,2026-02-14
U01355,Programming,Loops,hard,20,14,6,70.0,1,37,62.59,77.58,14.99,partial,0,review,M0023,2026-04-01
U01356,Programming,Functions,medium,20,19,1,95.0,1,30,99.74,100,0.26,mastered,0,continue,M0027,2026-02-15
U01357,Business,Customer Service,medium,15,8,7,53.33,2,21,59.62,81.85,22.23,weak,1,remedial,M0083,2026-03-16
U01358,Programming,Variables,medium,20,13,7,65.0,4,49,65.0,73.58,8.58,partial,0,review,M0016,2026-05-29
U01359,Mathematics,Algebra Basics,easy,10,6,4,60.0,1,51,62.83,77.7,14.87,partial,0,review,M0004,2026-03-25
U01360,Programming,Variables,hard,20,5,15,25.0,2,57,27.19,46.24,19.05,weak,1,remedial,M0018,2026-01-19
U01361,Digital Literacy,Internet Safety,easy,15,6,9,40.0,5,64,43.88,54.42,10.54,weak,1,remedial,M0062,2026-05-29
U01362,Programming,Conditional Logic,medium,20,6,14,30.0,1,42,35.05,58.9,23.85,weak,1,remedial,M0019,2026-01-26
U01363,Science,Cells,easy,5,4,1,80.0,4,27,79.52,83.73,4.21,mastered,0,continue,M0048,2026-03-09
U01364,Mathematics,Linear Equations,hard,5,4,1,80.0,4,72,82.39,86.37,3.98,mastered,0,continue,M0014,2026-04-14
U01365,Mathematics,Statistics,easy,5,3,2,60.0,1,43,67.44,76.08,8.64,partial,0,review,M0011,2026-04-02
U01366,Science,Energy,easy,5,4,1,80.0,1,51,85.12,85.86,0.74,mastered,0,continue,M0053,2026-01-20
U01367,Mathematics,Statistics,hard,10,5,5,50.0,1,50,48.81,83.63,34.82,weak,1,remedial,M0011,2026-02-02
U01368,Business,Marketing Basics,medium,20,10,10,50.0,2,43,45.41,79.92,34.51,weak,1,remedial,M0078,2026-01-27
U01369,Programming,Loops,medium,10,10,0,100.0,1,43,100,100,0,mastered,0,continue,M0023,2026-03-14
U01370,Science,Energy,hard,10,4,6,40.0,1,47,44.94,72.5,27.56,weak,1,remedial,M0053,2026-01-13
U01371,English,Vocabulary,medium,10,5,5,50.0,2,32,50.04,73.31,23.27,weak,1,remedial,M0032,2026-02-09
U01372,Science,Ecosystem,medium,20,18,2,90.0,3,52,84.4,87.74,3.34,mastered,0,continue,M0055,2026-04-28
U01373,Digital Literacy,File Management,medium,10,6,4,60.0,1,34,67.44,71.54,4.1,partial,0,review,M0068,2026-02-14
U01374,Science,Ecosystem,easy,10,5,5,50.0,2,38,49.29,74.73,25.44,weak,1,remedial,M0057,2026-03-15
U01375,Programming,Loops,easy,15,7,8,46.67,3,63,51.23,63.02,11.79,weak,1,remedial,M0024,2026-02-08
U01376,Mathematics,Algebra Basics,easy,5,4,1,80.0,1,45,87.59,88.98,1.39,mastered,0,continue,M0006,2026-03-15
U01377,Business,Marketing Basics,easy,10,8,2,80.0,1,43,77.65,82.04,4.39,mastered,0,continue,M0078,2026-02-22
U01378,Science,Matter,easy,10,9,1,90.0,2,37,90.95,94.81,3.86,mastered,0,continue,M0058,2026-05-19
U01379,Mathematics,Algebra Basics,medium,15,12,3,80.0,1,41,83.58,86.92,3.34,mastered,0,continue,M0006,2026-01-08
U01380,Business,Business Communication,hard,10,5,5,50.0,1,54,53.9,75.06,21.16,weak,1,remedial,M0088,2026-04-08
U01381,Science,Ecosystem,medium,20,5,15,25.0,4,42,20.38,40.73,20.35,weak,1,remedial,M0057,2026-05-29
U01382,Programming,Variables,hard,15,5,10,33.33,3,60,28.83,59.01,30.18,weak,1,remedial,M0017,2026-01-31
U01383,Programming,Variables,hard,10,8,2,80.0,3,66,84.81,89.48,4.67,mastered,0,continue,M0017,2026-03-13
U01384,English,Tenses,easy,20,9,11,45.0,2,26,37.57,72.09,34.52,weak,1,remedial,M0040,2026-02-27
U01385,English,Vocabulary,easy,5,4,1,80.0,2,40,72.64,74.11,1.47,mastered,0,continue,M0031,2026-03-16
U01386,Business,Entrepreneurship,easy,15,14,1,93.33,2,37,90.63,91.03,0.4,mastered,0,continue,M0087,2026-01-29
U01387,Programming,Variables,medium,20,5,15,25.0,1,63,20.66,51.23,30.57,weak,1,remedial,M0018,2026-03-05
U01388,Mathematics,Linear Equations,medium,20,5,15,25.0,1,45,24.89,52.7,27.81,weak,1,remedial,M0015,2026-02-10
U01389,Digital Literacy,Online Collaboration,medium,15,14,1,93.33,2,31,92.96,94.18,1.22,mastered,0,continue,M0071,2026-05-03
U01390,Science,Energy,hard,20,2,18,10.0,1,41,11.27,42.41,31.14,weak,1,remedial,M0052,2026-05-16
U01391,English,Tenses,medium,20,7,13,35.0,5,62,32.76,66.83,34.07,weak,1,remedial,M0041,2026-03-14
U01392,Mathematics,Linear Equations,medium,15,8,7,53.33,1,23,56.67,91.24,34.57,weak,1,remedial,M0013,2026-05-25
U01393,English,Grammar,medium,20,4,16,20.0,1,24,16.9,40.42,23.52,weak,1,remedial,M0036,2026-03-15
U01394,Programming,Loops,easy,20,18,2,90.0,1,34,88.83,91.21,2.38,mastered,0,continue,M0022,2026-05-03
U01395,Digital Literacy,Basic Troubleshooting,easy,5,2,3,40.0,2,39,38.92,70.43,31.51,weak,1,remedial,M0073,2026-03-13
U01396,Digital Literacy,File Management,easy,5,2,3,40.0,1,49,35.96,70.73,34.77,weak,1,remedial,M0069,2026-02-09
U01397,Digital Literacy,Online Collaboration,hard,5,1,4,20.0,5,84,18.16,38.97,20.81,weak,1,remedial,M0071,2026-05-29
U01398,English,Grammar,easy,15,15,0,100.0,4,48,99.6,100,0.4,mastered,0,continue,M0034,2026-04-27
U01399,Digital Literacy,Data Privacy,hard,20,8,12,40.0,5,59,39.68,62.13,22.45,weak,1,remedial,M0066,2026-04-09
U01400,Digital Literacy,Internet Safety,easy,5,4,1,80.0,1,35,80.22,80.92,0.7,mastered,0,continue,M0062,2026-01-06
U01401,English,Vocabulary,medium,5,4,1,80.0,1,34,81.93,83.04,1.11,mastered,0,continue,M0032,2026-03-23
U01402,Mathematics,Fractions,medium,15,12,3,80.0,2,44,78.64,78.78,0.14,mastered,0,continue,M0002,2026-03-01
U01403,Mathematics,Algebra Basics,hard,20,4,16,20.0,1,43,18.45,32.73,14.28,weak,1,remedial,M0006,2026-03-22
U01404,Mathematics,Geometry,easy,5,5,0,100.0,1,21,95.88,96.23,0.35,mastered,0,continue,M0007,2026-05-27
U01405,English,Writing,hard,20,3,17,15.0,2,51,15.0,43.92,28.92,weak,1,remedial,M0045,2026-05-06
U01406,English,Reading Comprehension,hard,10,3,7,30.0,3,75,28.1,62.04,33.94,weak,1,remedial,M0037,2026-03-09
U01407,English,Reading Comprehension,easy,15,6,9,40.0,5,60,33.0,61.14,28.14,weak,1,remedial,M0039,2026-05-10
U01408,Mathematics,Geometry,easy,5,4,1,80.0,1,32,86.91,89.89,2.98,mastered,0,continue,M0009,2026-04-30
U01409,Science,Ecosystem,medium,5,1,4,20.0,3,63,26.09,36.23,10.14,weak,1,remedial,M0056,2026-05-02
U01410,Digital Literacy,File Management,easy,15,13,2,86.67,2,47,81.5,83.32,1.82,mastered,0,continue,M0068,2026-05-17
U01411,Programming,Conditional Logic,medium,20,10,10,50.0,2,54,55.18,66.14,10.96,weak,1,remedial,M0019,2026-04-14
U01412,Business,Financial Literacy,medium,20,15,5,75.0,4,59,75.21,80.47,5.26,partial,0,review,M0079,2026-01-16
U01413,Digital Literacy,Data Privacy,easy,15,8,7,53.33,1,21,53.57,88.38,34.81,weak,1,remedial,M0064,2026-05-25
U01414,Programming,Variables,medium,15,5,10,33.33,2,52,40.49,69.18,28.69,weak,1,remedial,M0016,2026-01-15
U01415,English,Tenses,easy,20,16,4,80.0,1,35,72.04,72.86,0.82,mastered,0,continue,M0041,2026-02-27
U01416,Programming,Variables,medium,10,8,2,80.0,2,52,83.07,87.46,4.39,mastered,0,continue,M0018,2026-03-10
U01417,Mathematics,Linear Equations,easy,5,2,3,40.0,2,40,44.35,66.17,21.82,weak,1,remedial,M0015,2026-02-07
U01418,Science,Matter,medium,15,11,4,73.33,2,39,73.89,86.66,12.77,partial,0,review,M0060,2026-02-26
U01419,Science,Ecosystem,medium,10,3,7,30.0,3,24,36.66,56.2,19.54,weak,1,remedial,M0055,2026-01-28
U01420,Digital Literacy,Online Collaboration,medium,20,17,3,85.0,2,29,83.97,85.87,1.9,mastered,0,continue,M0072,2026-03-19
U01421,Science,Cells,hard,10,7,3,70.0,5,77,62.69,71.21,8.52,partial,0,review,M0046,2026-05-29
U01422,Digital Literacy,Data Privacy,easy,20,10,10,50.0,3,62,52.89,75.98,23.09,weak,1,remedial,M0064,2026-05-05
U01423,Digital Literacy,Internet Safety,easy,10,10,0,100.0,1,40,100,100,0,mastered,0,continue,M0063,2026-01-02
U01424,Digital Literacy,Basic Troubleshooting,hard,15,10,5,66.67,2,61,65.43,73.5,8.07,partial,0,review,M0075,2026-04-17
U01425,English,Vocabulary,easy,20,13,7,65.0,1,30,58.25,71.07,12.82,partial,0,review,M0031,2026-05-03
U01426,Business,Customer Service,medium,10,6,4,60.0,2,38,65.2,79.26,14.06,partial,0,review,M0083,2026-05-14
U01427,English,Tenses,easy,5,4,1,80.0,1,46,82.62,84.12,1.5,mastered,0,continue,M0041,2026-03-27
U01428,Digital Literacy,Online Collaboration,medium,10,10,0,100.0,4,72,95.73,97.77,2.04,mastered,0,continue,M0072,2026-05-15
U01429,Programming,Conditional Logic,medium,10,7,3,70.0,2,42,76.62,82.03,5.41,partial,0,review,M0021,2026-01-21
U01430,Business,Customer Service,hard,10,3,7,30.0,4,62,22.1,47.03,24.93,weak,1,remedial,M0083,2026-04-11
U01431,English,Writing,hard,15,13,2,86.67,4,42,81.83,84.33,2.5,mastered,0,continue,M0043,2026-02-10
U01432,Mathematics,Statistics,hard,15,12,3,80.0,2,59,78.73,82.68,3.95,mastered,0,continue,M0010,2026-03-21
U01433,Digital Literacy,File Management,medium,20,4,16,20.0,1,44,16.17,27.91,11.74,weak,1,remedial,M0068,2026-03-24
U01434,Programming,Data Structures,medium,10,0,10,0.0,2,42,7.18,40.06,32.88,weak,1,remedial,M0030,2026-03-14
U01435,Business,Marketing Basics,easy,20,10,10,50.0,2,40,44.03,62.92,18.89,weak,1,remedial,M0077,2026-05-01
U01436,Mathematics,Algebra Basics,easy,5,0,5,0.0,1,34,0,34.03,34.03,weak,1,remedial,M0006,2026-02-07
U01437,Programming,Loops,easy,15,13,2,86.67,5,54,87.04,87.41,0.37,mastered,0,continue,M0022,2026-01-19
U01438,Programming,Functions,easy,10,7,3,70.0,4,43,73.54,84.2,10.66,partial,0,review,M0025,2026-04-09
U01439,Business,Financial Literacy,easy,20,12,8,60.0,2,40,61.05,65.36,4.31,partial,0,review,M0081,2026-03-18
U01440,English,Reading Comprehension,easy,10,7,3,70.0,4,43,70.69,82.58,11.89,partial,0,review,M0038,2026-01-26
U01441,English,Reading Comprehension,medium,10,6,4,60.0,3,52,60.45,67.14,6.69,partial,0,review,M0039,2026-05-25
U01442,English,Writing,medium,20,5,15,25.0,3,45,19.86,52.63,32.77,weak,1,remedial,M0045,2026-05-02
U01443,English,Grammar,easy,15,3,12,20.0,2,53,18.15,43.97,25.82,weak,1,remedial,M0036,2026-02-21
U01444,Digital Literacy,File Management,easy,10,8,2,80.0,4,46,84.64,89.33,4.69,mastered,0,continue,M0067,2026-05-17
U01445,Science,Ecosystem,easy,5,3,2,60.0,2,44,63.52,67.18,3.66,partial,0,review,M0056,2026-03-02
U01446,English,Vocabulary,medium,5,1,4,20.0,1,13,14.23,40.3,26.07,weak,1,remedial,M0032,2026-03-19
U01447,Mathematics,Fractions,easy,20,9,11,45.0,4,55,52.22,79.95,27.73,weak,1,remedial,M0001,2026-04-17
U01448,Programming,Data Structures,easy,20,6,14,30.0,2,48,32.77,56.51,23.74,weak,1,remedial,M0029,2026-04-18
U01449,Mathematics,Algebra Basics,easy,10,2,8,20.0,2,47,16.06,38.62,22.56,weak,1,remedial,M0006,2026-03-01
U01450,Mathematics,Fractions,medium,20,9,11,45.0,4,56,47.28,78.09,30.81,weak,1,remedial,M0001,2026-03-03
U01451,Science,Cells,medium,15,3,12,20.0,3,72,21.51,39.11,17.6,weak,1,remedial,M0048,2026-03-20
U01452,English,Writing,easy,15,10,5,66.67,5,58,59.47,67.54,8.07,partial,0,review,M0045,2026-01-19
U01453,English,Reading Comprehension,hard,20,9,11,45.0,5,74,38.34,49.95,11.61,weak,1,remedial,M0039,2026-04-16
U01454,Mathematics,Statistics,easy,20,14,6,70.0,3,43,73.16,81.84,8.68,partial,0,review,M0012,2026-03-25
U01455,Digital Literacy,File Management,hard,10,6,4,60.0,1,46,67.45,80.89,13.44,partial,0,review,M0067,2026-02-23
U01456,Digital Literacy,Basic Troubleshooting,medium,15,11,4,73.33,3,55,79.5,86.41,6.91,partial,0,review,M0074,2026-02-12
U01457,Digital Literacy,Internet Safety,medium,10,4,6,40.0,1,32,39.05,53.54,14.49,weak,1,remedial,M0061,2026-04-26
U01458,Mathematics,Statistics,hard,10,5,5,50.0,5,77,47.97,58.47,10.5,weak,1,remedial,M0010,2026-04-05
U01459,Programming,Conditional Logic,medium,20,16,4,80.0,2,32,83.82,84.2,0.38,mastered,0,continue,M0019,2026-02-08
U01460,Business,Financial Literacy,hard,20,11,9,55.0,1,43,50.36,61.78,11.42,weak,1,remedial,M0079,2026-05-24
U01461,Business,Entrepreneurship,easy,20,18,2,90.0,1,24,97.26,100,2.74,mastered,0,continue,M0085,2026-03-22
U01462,Business,Marketing Basics,medium,20,15,5,75.0,1,45,67.47,78.27,10.8,partial,0,review,M0078,2026-05-10
U01463,English,Reading Comprehension,medium,15,7,8,46.67,4,56,48.13,69.85,21.72,weak,1,remedial,M0038,2026-03-26
U01464,Science,Matter,medium,15,7,8,46.67,1,36,40.8,63.03,22.23,weak,1,remedial,M0058,2026-04-25
U01465,Mathematics,Geometry,easy,10,8,2,80.0,1,18,72.15,73.87,1.72,mastered,0,continue,M0007,2026-01-11
U01466,Mathematics,Fractions,medium,10,8,2,80.0,4,52,84.09,86.03,1.94,mastered,0,continue,M0002,2026-01-22
U01467,Business,Financial Literacy,hard,5,5,0,100.0,1,47,92.44,97.21,4.77,mastered,0,continue,M0081,2026-02-17
U01468,Science,Force and Motion,easy,5,1,4,20.0,1,37,15.31,41.75,26.44,weak,1,remedial,M0049,2026-04-12
U01469,Science,Force and Motion,easy,10,9,1,90.0,2,19,82.31,82.37,0.06,mastered,0,continue,M0051,2026-03-18
U01470,Mathematics,Statistics,easy,20,10,10,50.0,2,26,44.25,58.48,14.23,weak,1,remedial,M0010,2026-04-07
U01471,English,Vocabulary,medium,5,2,3,40.0,1,43,42.14,72.2,30.06,weak,1,remedial,M0032,2026-04-13
U01472,Mathematics,Statistics,medium,10,4,6,40.0,4,46,36.11,70.36,34.25,weak,1,remedial,M0012,2026-05-05
U01473,Mathematics,Fractions,hard,20,9,11,45.0,3,52,52.58,73.2,20.62,weak,1,remedial,M0002,2026-02-04
U01474,Science,Force and Motion,medium,10,8,2,80.0,1,48,78.85,79.69,0.84,mastered,0,continue,M0050,2026-02-13
U01475,English,Reading Comprehension,hard,10,6,4,60.0,1,63,56.29,61.27,4.98,partial,0,review,M0037,2026-04-25
U01476,Programming,Data Structures,easy,20,20,0,100.0,2,40,100,100,0,mastered,0,continue,M0030,2026-01-20
U01477,Business,Customer Service,easy,10,9,1,90.0,4,41,94.18,95.87,1.69,mastered,0,continue,M0084,2026-01-31
U01478,Digital Literacy,Internet Safety,hard,5,5,0,100.0,2,38,95.6,95.87,0.27,mastered,0,continue,M0063,2026-05-15
U01479,English,Vocabulary,easy,20,14,6,70.0,2,40,70.84,77.5,6.66,partial,0,review,M0031,2026-03-23
U01480,Business,Customer Service,medium,20,9,11,45.0,1,28,37.34,58.55,21.21,weak,1,remedial,M0084,2026-03-01
U01481,Programming,Data Structures,medium,20,17,3,85.0,1,31,89.88,93.63,3.75,mastered,0,continue,M0028,2026-04-16
U01482,Mathematics,Fractions,easy,15,10,5,66.67,1,16,67.21,77.32,10.11,partial,0,review,M0002,2026-04-14
U01483,Programming,Functions,medium,5,0,5,0.0,5,70,0,22.98,22.98,weak,1,remedial,M0025,2026-03-09
U01484,Mathematics,Linear Equations,medium,5,5,0,100.0,2,50,92.54,97.24,4.7,mastered,0,continue,M0015,2026-04-28
U01485,Programming,Functions,hard,5,3,2,60.0,1,54,64.42,75.13,10.71,partial,0,review,M0027,2026-02-28
U01486,English,Writing,easy,5,3,2,60.0,4,49,59.6,64.18,4.58,partial,0,review,M0045,2026-02-11
U01487,Business,Entrepreneurship,hard,5,5,0,100.0,2,53,100,100,0,mastered,0,continue,M0087,2026-04-27
U01488,Science,Cells,easy,20,13,7,65.0,5,63,69.68,82.13,12.45,partial,0,review,M0048,2026-05-13
U01489,Mathematics,Geometry,medium,15,8,7,53.33,2,59,49.8,72.08,22.28,weak,1,remedial,M0007,2026-03-12
U01490,Business,Marketing Basics,hard,5,5,0,100.0,1,49,99.18,100,0.82,mastered,0,continue,M0078,2026-04-19
U01491,Business,Marketing Basics,medium,10,10,0,100.0,1,28,100,100,0,mastered,0,continue,M0077,2026-04-14
U01492,Business,Financial Literacy,medium,20,16,4,80.0,1,45,81.91,86.86,4.95,mastered,0,continue,M0079,2026-03-14
U01493,Programming,Loops,easy,5,2,3,40.0,2,55,44.14,72.22,28.08,weak,1,remedial,M0022,2026-04-23
U01494,Business,Entrepreneurship,easy,10,7,3,70.0,2,25,74.43,78.65,4.22,partial,0,review,M0087,2026-04-29
U01495,Mathematics,Statistics,hard,10,9,1,90.0,2,46,84.38,84.74,0.36,mastered,0,continue,M0010,2026-05-07
U01496,Business,Marketing Basics,medium,20,7,13,35.0,3,50,28.46,40.58,12.12,weak,1,remedial,M0076,2026-02-28
U01497,Business,Entrepreneurship,hard,20,2,18,10.0,1,58,5.09,39.62,34.53,weak,1,remedial,M0086,2026-05-15
U01498,Science,Energy,easy,10,2,8,20.0,1,39,14.61,44.39,29.78,weak,1,remedial,M0053,2026-03-24
U01499,English,Tenses,medium,5,1,4,20.0,4,67,13.18,40.21,27.03,weak,1,remedial,M0040,2026-01-14
U01500,English,Vocabulary,easy,20,12,8,60.0,1,29,56.77,66.49,9.72,partial,0,review,M0033,2026-05-16
U01501,Programming,Functions,hard,20,15,5,75.0,2,54,71.46,79.96,8.5,partial,0,review,M0026,2026-02-05
U01502,English,Reading Comprehension,easy,10,10,0,100.0,1,23,99.18,100,0.82,mastered,0,continue,M0039,2026-01-08
U01503,Programming,Loops,medium,5,5,0,100.0,3,46,97.16,100,2.84,mastered,0,continue,M0023,2026-05-03
U01504,Business,Customer Service,medium,20,12,8,60.0,1,35,59.78,63.14,3.36,partial,0,review,M0083,2026-02-27
U01505,Science,Energy,easy,10,10,0,100.0,2,15,100,100,0,mastered,0,continue,M0052,2026-04-01
U01506,Programming,Functions,easy,15,7,8,46.67,1,26,45.44,65.87,20.43,weak,1,remedial,M0025,2026-02-14
U01507,Science,Ecosystem,hard,10,2,8,20.0,3,68,13.05,28.4,15.35,weak,1,remedial,M0057,2026-03-20
U01508,Mathematics,Statistics,hard,10,9,1,90.0,5,74,89.28,90.15,0.87,mastered,0,continue,M0011,2026-03-19
U01509,Business,Marketing Basics,easy,10,5,5,50.0,2,48,52.34,74.75,22.41,weak,1,remedial,M0078,2026-01-22
U01510,Programming,Data Structures,easy,20,20,0,100.0,1,17,100,100,0,mastered,0,continue,M0029,2026-04-27
U01511,Programming,Functions,easy,10,8,2,80.0,1,45,73.72,75.49,1.77,mastered,0,continue,M0025,2026-05-01
U01512,Digital Literacy,Online Collaboration,easy,15,13,2,86.67,1,22,91.42,95.09,3.67,mastered,0,continue,M0071,2026-05-20
U01513,Business,Financial Literacy,hard,10,6,4,60.0,1,55,60.16,70.41,10.25,partial,0,review,M0081,2026-02-20
U01514,Mathematics,Fractions,medium,20,16,4,80.0,1,57,81.28,85.63,4.35,mastered,0,continue,M0003,2026-02-03
U01515,Mathematics,Statistics,easy,10,4,6,40.0,1,36,44.46,54.79,10.33,weak,1,remedial,M0011,2026-03-02
U01516,Business,Marketing Basics,medium,5,3,2,60.0,2,27,56.39,60.19,3.8,partial,0,review,M0076,2026-05-06
U01517,Business,Business Communication,easy,10,8,2,80.0,1,16,86.96,87.26,0.3,mastered,0,continue,M0089,2026-03-17
U01518,Mathematics,Statistics,hard,15,5,10,33.33,1,73,39.86,63.07,23.21,weak,1,remedial,M0012,2026-02-12
U01519,Mathematics,Geometry,easy,5,0,5,0.0,3,43,2.2,29.15,26.95,weak,1,remedial,M0009,2026-03-26
U01520,Digital Literacy,File Management,medium,15,7,8,46.67,3,43,46.4,63.46,17.06,weak,1,remedial,M0069,2026-04-13
U01521,English,Grammar,easy,5,4,1,80.0,1,30,85.0,88.88,3.88,mastered,0,continue,M0035,2026-03-16
U01522,Business,Marketing Basics,hard,10,7,3,70.0,1,56,62.47,74.67,12.2,partial,0,review,M0076,2026-03-08
U01523,Digital Literacy,Internet Safety,medium,20,18,2,90.0,1,44,85.23,88.5,3.27,mastered,0,continue,M0061,2026-01-19
U01524,Mathematics,Statistics,medium,20,16,4,80.0,2,53,81.16,81.6,0.44,mastered,0,continue,M0012,2026-04-09
U01525,Mathematics,Algebra Basics,medium,10,10,0,100.0,4,55,95.56,96.68,1.12,mastered,0,continue,M0006,2026-03-20
U01526,Science,Ecosystem,easy,20,8,12,40.0,1,17,45.25,77.96,32.71,weak,1,remedial,M0055,2026-05-28
U01527,Digital Literacy,Internet Safety,medium,5,2,3,40.0,4,64,39.8,57.17,17.37,weak,1,remedial,M0063,2026-03-08
U01528,Mathematics,Statistics,medium,10,2,8,20.0,1,37,25.58,38.19,12.61,weak,1,remedial,M0012,2026-02-13
U01529,Digital Literacy,Basic Troubleshooting,easy,15,11,4,73.33,3,40,72.14,83.72,11.58,partial,0,review,M0073,2026-03-19
U01530,Science,Matter,medium,15,13,2,86.67,1,68,83.67,85.97,2.3,mastered,0,continue,M0059,2026-01-30
U01531,Programming,Data Structures,medium,5,1,4,20.0,1,52,24.86,48.39,23.53,weak,1,remedial,M0028,2026-04-10
U01532,Mathematics,Algebra Basics,hard,10,2,8,20.0,2,66,26.19,51.92,25.73,weak,1,remedial,M0006,2026-05-10
U01533,Business,Financial Literacy,hard,15,6,9,40.0,1,47,35.08,64.91,29.83,weak,1,remedial,M0081,2026-02-10
U01534,Programming,Data Structures,medium,20,14,6,70.0,1,38,75.9,89.26,13.36,partial,0,review,M0030,2026-05-11
U01535,Mathematics,Fractions,medium,5,0,5,0.0,2,60,0,21.36,21.36,weak,1,remedial,M0001,2026-05-19
U01536,Mathematics,Statistics,medium,10,9,1,90.0,1,44,95.14,98.11,2.97,mastered,0,continue,M0010,2026-05-24
U01537,Science,Force and Motion,easy,10,6,4,60.0,3,31,67.46,81.17,13.71,partial,0,review,M0051,2026-02-26
U01538,English,Tenses,medium,5,4,1,80.0,5,62,86.0,90.29,4.29,mastered,0,continue,M0042,2026-03-18
U01539,Mathematics,Statistics,medium,15,15,0,100.0,3,50,100,100,0,mastered,0,continue,M0010,2026-04-18
U01540,Programming,Data Structures,hard,20,16,4,80.0,1,54,82.18,84.68,2.5,mastered,0,continue,M0030,2026-05-21
U01541,English,Tenses,hard,5,0,5,0.0,2,79,0,24.3,24.3,weak,1,remedial,M0040,2026-04-11
U01542,Business,Entrepreneurship,hard,15,12,3,80.0,2,53,85.74,89.11,3.37,mastered,0,continue,M0085,2026-04-17
U01543,Programming,Loops,medium,15,12,3,80.0,2,38,83.64,85.38,1.74,mastered,0,continue,M0023,2026-05-11
U01544,Science,Matter,easy,20,18,2,90.0,1,40,95.09,98.54,3.45,mastered,0,continue,M0059,2026-04-06
U01545,Mathematics,Geometry,medium,20,17,3,85.0,2,55,78.39,80.99,2.6,mastered,0,continue,M0007,2026-04-07
U01546,Science,Ecosystem,easy,10,7,3,70.0,2,34,74.41,82.1,7.69,partial,0,review,M0057,2026-05-17
U01547,Digital Literacy,Data Privacy,medium,20,12,8,60.0,1,30,56.79,61.47,4.68,partial,0,review,M0066,2026-05-17
U01548,English,Reading Comprehension,medium,20,15,5,75.0,5,80,69.9,77.07,7.17,partial,0,review,M0038,2026-01-20
U01549,Mathematics,Statistics,hard,20,17,3,85.0,1,67,83.01,87.81,4.8,mastered,0,continue,M0010,2026-04-04
U01550,Science,Energy,easy,20,11,9,55.0,1,30,61.14,74.68,13.54,weak,1,remedial,M0054,2026-03-04
U01551,English,Reading Comprehension,medium,10,9,1,90.0,2,45,94.72,99.62,4.9,mastered,0,continue,M0039,2026-02-27
U01552,Programming,Loops,medium,15,4,11,26.67,1,28,28.65,57.01,28.36,weak,1,remedial,M0022,2026-04-14
U01553,Business,Entrepreneurship,easy,15,15,0,100.0,1,30,98.39,100,1.61,mastered,0,continue,M0087,2026-01-27
U01554,Mathematics,Statistics,hard,20,1,19,5.0,1,48,1.6,12.16,10.56,weak,1,remedial,M0010,2026-02-03
U01555,Business,Marketing Basics,easy,5,1,4,20.0,1,31,17.16,36.68,19.52,weak,1,remedial,M0078,2026-05-05
U01556,Science,Force and Motion,medium,15,11,4,73.33,1,44,67.39,81.77,14.38,partial,0,review,M0049,2026-03-27
U01557,Science,Ecosystem,hard,10,3,7,30.0,1,45,24.56,39.21,14.65,weak,1,remedial,M0055,2026-05-16
U01558,Programming,Conditional Logic,medium,5,2,3,40.0,4,62,36.66,71.33,34.67,weak,1,remedial,M0019,2026-01-25
U01559,English,Reading Comprehension,easy,15,9,6,60.0,5,53,55.15,62.25,7.1,partial,0,review,M0039,2026-03-01
U01560,Programming,Data Structures,medium,15,13,2,86.67,1,48,92.89,95.68,2.79,mastered,0,continue,M0030,2026-03-19
U01561,Digital Literacy,File Management,medium,20,6,14,30.0,3,50,34.01,53.21,19.2,weak,1,remedial,M0069,2026-04-16
U01562,Programming,Loops,hard,10,5,5,50.0,3,55,55.48,73.6,18.12,weak,1,remedial,M0022,2026-02-09
U01563,Mathematics,Statistics,easy,10,7,3,70.0,1,23,75.49,83.43,7.94,partial,0,review,M0010,2026-01-08
U01564,Digital Literacy,File Management,easy,5,5,0,100.0,2,31,100,100,0,mastered,0,continue,M0067,2026-04-30
U01565,Business,Marketing Basics,medium,5,4,1,80.0,1,30,81.38,81.48,0.1,mastered,0,continue,M0077,2026-03-07
U01566,Digital Literacy,Internet Safety,hard,5,3,2,60.0,3,58,58.63,62.31,3.68,partial,0,review,M0062,2026-01-22
U01567,Programming,Variables,easy,5,2,3,40.0,1,32,44.96,71.15,26.19,weak,1,remedial,M0017,2026-01-30
U01568,English,Writing,easy,5,5,0,100.0,1,20,93.68,95.35,1.67,mastered,0,continue,M0043,2026-01-21
U01569,Business,Entrepreneurship,easy,20,20,0,100.0,1,15,92.55,95.6,3.05,mastered,0,continue,M0087,2026-02-02
U01570,English,Grammar,hard,20,3,17,15.0,1,45,21.38,49.7,28.32,weak,1,remedial,M0035,2026-03-07
U01571,Digital Literacy,Data Privacy,hard,15,12,3,80.0,1,51,76.34,76.44,0.1,mastered,0,continue,M0065,2026-05-07
U01572,Science,Ecosystem,medium,10,4,6,40.0,3,47,47.89,69.25,21.36,weak,1,remedial,M0055,2026-01-15
U01573,Digital Literacy,Data Privacy,medium,20,7,13,35.0,1,25,37.75,72.74,34.99,weak,1,remedial,M0065,2026-05-04
U01574,Programming,Functions,easy,20,19,1,95.0,3,36,100,100,0,mastered,0,continue,M0026,2026-04-21
U01575,English,Reading Comprehension,medium,15,12,3,80.0,2,44,74.14,78.87,4.73,mastered,0,continue,M0038,2026-04-24
U01576,English,Writing,hard,5,5,0,100.0,4,66,97.32,99.55,2.23,mastered,0,continue,M0045,2026-02-03
U01577,Programming,Data Structures,easy,10,3,7,30.0,4,49,37.7,60.05,22.35,weak,1,remedial,M0028,2026-02-04
U01578,Science,Cells,medium,10,1,9,10.0,3,65,2.15,29.28,27.13,weak,1,remedial,M0046,2026-05-28
U01579,Science,Energy,medium,15,7,8,46.67,3,57,41.38,60.92,19.54,weak,1,remedial,M0054,2026-02-16
U01580,Digital Literacy,File Management,hard,20,14,6,70.0,1,23,65.58,77.17,11.59,partial,0,review,M0067,2026-04-23
U01581,Programming,Functions,medium,5,2,3,40.0,3,47,41.16,51.49,10.33,weak,1,remedial,M0026,2026-02-12
U01582,Business,Entrepreneurship,medium,15,3,12,20.0,2,39,20.03,34.03,14.0,weak,1,remedial,M0086,2026-02-03
U01583,Business,Customer Service,hard,15,8,7,53.33,3,22,50.04,73.32,23.28,weak,1,remedial,M0082,2026-02-05
U01584,Digital Literacy,Online Collaboration,medium,10,4,6,40.0,1,33,32.37,51.34,18.97,weak,1,remedial,M0072,2026-02-27
U01585,Programming,Loops,hard,5,1,4,20.0,1,37,23.34,36.96,13.62,weak,1,remedial,M0023,2026-01-07
U01586,Science,Energy,easy,10,6,4,60.0,4,35,62.19,75.9,13.71,partial,0,review,M0053,2026-01-16
U01587,Business,Financial Literacy,medium,20,16,4,80.0,2,38,79.59,79.89,0.3,mastered,0,continue,M0080,2026-01-18
U01588,English,Tenses,easy,20,16,4,80.0,4,33,79.54,80.15,0.61,mastered,0,continue,M0041,2026-01-30
U01589,Programming,Functions,easy,5,2,3,40.0,2,27,39.27,68.31,29.04,weak,1,remedial,M0026,2026-03-08
U01590,Mathematics,Algebra Basics,medium,10,8,2,80.0,4,58,83.17,86.22,3.05,mastered,0,continue,M0006,2026-01-03
U01591,Mathematics,Linear Equations,medium,20,5,15,25.0,1,43,21.48,35.38,13.9,weak,1,remedial,M0014,2026-05-18
U01592,Mathematics,Geometry,medium,20,13,7,65.0,3,46,60.39,74.58,14.19,partial,0,review,M0007,2026-03-02
U01593,Business,Business Communication,medium,10,9,1,90.0,3,28,84.76,88.44,3.68,mastered,0,continue,M0090,2026-02-05
U01594,Programming,Loops,medium,10,1,9,10.0,2,47,7.93,22.24,14.31,weak,1,remedial,M0023,2026-02-08
U01595,Digital Literacy,Basic Troubleshooting,easy,5,2,3,40.0,1,18,45.72,79.44,33.72,weak,1,remedial,M0075,2026-01-29
U01596,Digital Literacy,File Management,easy,5,3,2,60.0,1,59,65.56,79.38,13.82,partial,0,review,M0068,2026-03-22
U01597,Programming,Data Structures,easy,20,15,5,75.0,1,28,75.83,81.07,5.24,partial,0,review,M0028,2026-03-10
U01598,Programming,Loops,easy,20,14,6,70.0,1,26,62.43,75.28,12.85,partial,0,review,M0022,2026-03-12
U01599,Programming,Data Structures,easy,10,3,7,30.0,1,38,30.08,54.77,24.69,weak,1,remedial,M0030,2026-01-11
U01600,Mathematics,Geometry,hard,15,10,5,66.67,3,69,70.97,75.39,4.42,partial,0,review,M0008,2026-02-24
U01601,Programming,Functions,easy,15,12,3,80.0,1,35,76.68,79.13,2.45,mastered,0,continue,M0026,2026-03-23
U01602,Business,Business Communication,easy,15,13,2,86.67,1,25,82.94,85.98,3.04,mastered,0,continue,M0088,2026-02-02
U01603,Mathematics,Fractions,hard,20,1,19,5.0,1,51,3.47,31.78,28.31,weak,1,remedial,M0001,2026-03-14
U01604,Mathematics,Geometry,hard,20,11,9,55.0,2,52,49.31,59.66,10.35,weak,1,remedial,M0009,2026-05-16
U01605,Digital Literacy,Data Privacy,easy,15,11,4,73.33,4,54,80.93,92.6,11.67,partial,0,review,M0065,2026-01-31
U01606,English,Vocabulary,easy,5,2,3,40.0,3,46,43.86,70.91,27.05,weak,1,remedial,M0033,2026-03-06
U01607,Digital Literacy,Internet Safety,easy,15,12,3,80.0,1,24,73.73,77.76,4.03,mastered,0,continue,M0061,2026-01-29
U01608,Mathematics,Geometry,medium,10,8,2,80.0,3,62,82.19,82.2,0.01,mastered,0,continue,M0007,2026-02-12
U01609,Business,Financial Literacy,easy,5,2,3,40.0,1,26,35.85,52.89,17.04,weak,1,remedial,M0079,2026-02-14
U01610,Digital Literacy,Internet Safety,medium,15,11,4,73.33,2,44,66.7,78.1,11.4,partial,0,review,M0062,2026-02-17
U01611,Science,Energy,hard,5,2,3,40.0,2,49,34.68,55.28,20.6,weak,1,remedial,M0052,2026-03-23
U01612,Programming,Conditional Logic,easy,10,9,1,90.0,1,13,92.37,95.96,3.59,mastered,0,continue,M0019,2026-01-09
U01613,English,Reading Comprehension,hard,5,4,1,80.0,1,30,74.96,76.37,1.41,mastered,0,continue,M0038,2026-05-03
U01614,Digital Literacy,Internet Safety,hard,15,12,3,80.0,2,61,76.89,77.21,0.32,mastered,0,continue,M0062,2026-01-04
U01615,Science,Ecosystem,medium,20,7,13,35.0,1,32,37.38,70.12,32.74,weak,1,remedial,M0055,2026-05-22
U01616,Mathematics,Geometry,easy,5,5,0,100.0,2,33,92.63,93.2,0.57,mastered,0,continue,M0009,2026-05-15
U01617,Business,Business Communication,easy,5,5,0,100.0,1,28,100,100,0,mastered,0,continue,M0089,2026-03-28
U01618,Digital Literacy,Basic Troubleshooting,medium,15,6,9,40.0,3,57,41.64,55.89,14.25,weak,1,remedial,M0074,2026-03-01
U01619,Science,Matter,hard,20,12,8,60.0,2,62,64.85,74.09,9.24,partial,0,review,M0059,2026-04-17
U01620,Science,Energy,hard,5,4,1,80.0,2,60,83.51,85.89,2.38,mastered,0,continue,M0053,2026-01-15
U01621,English,Reading Comprehension,easy,10,8,2,80.0,1,33,79.51,82.68,3.17,mastered,0,continue,M0038,2026-04-21
U01622,English,Grammar,hard,20,14,6,70.0,1,43,62.88,68.74,5.86,partial,0,review,M0034,2026-01-31
U01623,Business,Business Communication,easy,10,7,3,70.0,4,68,62.44,65.84,3.4,partial,0,review,M0090,2026-02-13
U01624,Mathematics,Linear Equations,medium,20,14,6,70.0,1,48,66.59,70.53,3.94,partial,0,review,M0015,2026-01-12
U01625,Science,Ecosystem,easy,10,7,3,70.0,2,57,74.21,83.4,9.19,partial,0,review,M0055,2026-01-27
U01626,Mathematics,Algebra Basics,easy,15,14,1,93.33,1,24,87.08,91.75,4.67,mastered,0,continue,M0004,2026-04-18
U01627,Mathematics,Statistics,medium,15,9,6,60.0,3,45,56.7,66.74,10.04,partial,0,review,M0010,2026-03-09
U01628,Programming,Functions,medium,5,2,3,40.0,3,43,47.69,64.55,16.86,weak,1,remedial,M0027,2026-03-10
U01629,English,Tenses,easy,15,12,3,80.0,4,49,85.57,86.28,0.71,mastered,0,continue,M0041,2026-03-05
U01630,Digital Literacy,File Management,easy,20,12,8,60.0,1,25,65.33,75.25,9.92,partial,0,review,M0068,2026-04-17
U01631,Digital Literacy,Online Collaboration,medium,5,4,1,80.0,1,23,76.49,80.86,4.37,mastered,0,continue,M0072,2026-02-09
U01632,Digital Literacy,Internet Safety,easy,10,9,1,90.0,4,58,87.24,88.03,0.79,mastered,0,continue,M0062,2026-02-02
U01633,Digital Literacy,Data Privacy,medium,10,9,1,90.0,2,34,94.02,97.02,3.0,mastered,0,continue,M0066,2026-01-16
U01634,English,Vocabulary,medium,10,9,1,90.0,4,50,83.63,85.21,1.58,mastered,0,continue,M0032,2026-03-02
U01635,Programming,Loops,easy,5,4,1,80.0,3,60,78.75,81.48,2.73,mastered,0,continue,M0022,2026-03-17
U01636,Digital Literacy,File Management,hard,10,2,8,20.0,1,45,12.06,25.94,13.88,weak,1,remedial,M0069,2026-05-27
U01637,Mathematics,Linear Equations,medium,15,6,9,40.0,3,42,43.85,57.3,13.45,weak,1,remedial,M0014,2026-03-12
U01638,English,Writing,medium,15,14,1,93.33,1,33,100,100,0,mastered,0,continue,M0045,2026-05-03
U01639,Programming,Data Structures,easy,5,5,0,100.0,1,28,97.03,100,2.97,mastered,0,continue,M0029,2026-01-23
U01640,Programming,Loops,medium,10,3,7,30.0,4,57,32.14,65.77,33.63,weak,1,remedial,M0022,2026-03-24
U01641,English,Vocabulary,medium,20,6,14,30.0,1,35,23.71,41.27,17.56,weak,1,remedial,M0031,2026-04-18
U01642,English,Vocabulary,easy,20,9,11,45.0,2,50,45.46,74.61,29.15,weak,1,remedial,M0032,2026-01-01
U01643,Business,Entrepreneurship,medium,20,6,14,30.0,1,39,37.59,55.75,18.16,weak,1,remedial,M0085,2026-03-08
U01644,Science,Cells,medium,15,5,10,33.33,1,44,37.03,52.48,15.45,weak,1,remedial,M0047,2026-03-24
U01645,Programming,Data Structures,medium,10,6,4,60.0,4,49,57.79,71.96,14.17,partial,0,review,M0030,2026-05-28
U01646,Programming,Conditional Logic,easy,15,11,4,73.33,2,38,73.37,84.26,10.89,partial,0,review,M0021,2026-03-09
U01647,Digital Literacy,Online Collaboration,easy,5,1,4,20.0,1,32,21.06,34.03,12.97,weak,1,remedial,M0070,2026-01-19
U01648,English,Reading Comprehension,easy,5,3,2,60.0,1,39,63.91,75.21,11.3,partial,0,review,M0039,2026-04-30
U01649,Mathematics,Algebra Basics,medium,20,11,9,55.0,2,32,49.23,73.92,24.69,weak,1,remedial,M0005,2026-01-23
U01650,Business,Financial Literacy,medium,5,3,2,60.0,1,37,57.56,65.0,7.44,partial,0,review,M0079,2026-03-03
U01651,Science,Matter,easy,5,4,1,80.0,1,34,86.38,89.55,3.17,mastered,0,continue,M0060,2026-03-20
U01652,Business,Entrepreneurship,easy,5,4,1,80.0,3,36,82.58,86.28,3.7,mastered,0,continue,M0087,2026-01-11
U01653,Programming,Loops,medium,10,8,2,80.0,2,52,73.6,77.85,4.25,mastered,0,continue,M0022,2026-01-24
U01654,Science,Cells,hard,10,7,3,70.0,2,35,65.86,73.65,7.79,partial,0,review,M0048,2026-05-03
U01655,Mathematics,Algebra Basics,medium,15,13,2,86.67,2,43,79.59,79.94,0.35,mastered,0,continue,M0006,2026-03-30
U01656,Digital Literacy,Internet Safety,easy,5,5,0,100.0,1,44,100,100,0,mastered,0,continue,M0061,2026-01-07
U01657,Science,Ecosystem,easy,10,1,9,10.0,3,42,2.03,35.1,33.07,weak,1,remedial,M0057,2026-04-04
U01658,Business,Customer Service,easy,15,13,2,86.67,5,52,82.53,82.9,0.37,mastered,0,continue,M0082,2026-02-15
U01659,Mathematics,Geometry,easy,5,2,3,40.0,1,51,33.83,54.61,20.78,weak,1,remedial,M0008,2026-01-15
U01660,Business,Marketing Basics,medium,20,8,12,40.0,1,38,33.02,66.88,33.86,weak,1,remedial,M0078,2026-03-25
U01661,Digital Literacy,Internet Safety,medium,15,11,4,73.33,2,44,67.21,75.09,7.88,partial,0,review,M0062,2026-01-14
U01662,Science,Ecosystem,medium,20,19,1,95.0,2,45,99.52,100,0.48,mastered,0,continue,M0057,2026-04-06
U01663,Mathematics,Geometry,easy,10,4,6,40.0,1,42,46.06,59.42,13.36,weak,1,remedial,M0008,2026-04-07
U01664,Programming,Loops,hard,5,3,2,60.0,2,27,63.68,73.23,9.55,partial,0,review,M0022,2026-02-28
U01665,English,Writing,hard,15,8,7,53.33,1,38,52.65,81.8,29.15,weak,1,remedial,M0043,2026-01-21
U01666,English,Writing,medium,10,5,5,50.0,5,48,42.99,74.16,31.17,weak,1,remedial,M0044,2026-05-06
U01667,English,Writing,easy,15,11,4,73.33,1,23,72.78,75.81,3.03,partial,0,review,M0044,2026-05-29
U01668,Science,Cells,hard,20,1,19,5.0,1,54,2.99,27.07,24.08,weak,1,remedial,M0048,2026-03-06
U01669,Digital Literacy,Internet Safety,medium,5,3,2,60.0,3,49,63.34,70.94,7.6,partial,0,review,M0061,2026-03-27
U01670,Science,Force and Motion,medium,15,15,0,100.0,1,70,95.69,99.67,3.98,mastered,0,continue,M0051,2026-03-25
U01671,Business,Financial Literacy,easy,5,4,1,80.0,2,38,79.77,83.83,4.06,mastered,0,continue,M0081,2026-01-11
U01672,Digital Literacy,Internet Safety,easy,10,5,5,50.0,4,65,51.38,73.28,21.9,weak,1,remedial,M0061,2026-03-16
U01673,Programming,Loops,hard,5,1,4,20.0,2,59,22.03,34.42,12.39,weak,1,remedial,M0023,2026-05-07
U01674,Business,Customer Service,easy,5,5,0,100.0,1,28,97.56,98.14,0.58,mastered,0,continue,M0083,2026-05-09
U01675,Programming,Conditional Logic,easy,15,13,2,86.67,1,35,91.92,92.56,0.64,mastered,0,continue,M0021,2026-03-04
U01676,Business,Customer Service,easy,5,2,3,40.0,2,27,40.14,64.78,24.64,weak,1,remedial,M0084,2026-03-07
U01677,English,Reading Comprehension,medium,15,9,6,60.0,1,33,57.81,64.52,6.71,partial,0,review,M0037,2026-03-16
U01678,Business,Customer Service,easy,10,6,4,60.0,1,45,61.54,67.23,5.69,partial,0,review,M0083,2026-05-08
U01679,English,Reading Comprehension,medium,10,7,3,70.0,1,46,64.34,72.67,8.33,partial,0,review,M0037,2026-05-04
U01680,English,Grammar,hard,5,1,4,20.0,1,38,27.88,51.15,23.27,weak,1,remedial,M0036,2026-02-18
U01681,Business,Entrepreneurship,medium,10,4,6,40.0,1,59,41.93,56.46,14.53,weak,1,remedial,M0085,2026-05-08
U01682,Business,Business Communication,easy,10,8,2,80.0,1,45,74.37,78.25,3.88,mastered,0,continue,M0090,2026-01-09
U01683,Mathematics,Linear Equations,medium,20,9,11,45.0,1,46,45.05,75.43,30.38,weak,1,remedial,M0013,2026-05-01
U01684,Programming,Loops,easy,15,12,3,80.0,1,20,87.58,91.34,3.76,mastered,0,continue,M0023,2026-04-23
U01685,Science,Cells,easy,10,7,3,70.0,2,18,69.22,79.89,10.67,partial,0,review,M0046,2026-05-20
U01686,English,Reading Comprehension,medium,20,16,4,80.0,1,33,83.56,84.43,0.87,mastered,0,continue,M0038,2026-02-10
U01687,Programming,Data Structures,easy,15,14,1,93.33,4,21,89.42,91.54,2.12,mastered,0,continue,M0029,2026-02-02
U01688,Programming,Functions,hard,20,3,17,15.0,1,57,17.35,34.6,17.25,weak,1,remedial,M0027,2026-05-05
U01689,Programming,Variables,easy,5,2,3,40.0,2,35,32.08,50.76,18.68,weak,1,remedial,M0018,2026-03-08
U01690,Programming,Functions,medium,5,4,1,80.0,4,63,75.59,76.89,1.3,mastered,0,continue,M0026,2026-05-24
U01691,Science,Energy,medium,20,6,14,30.0,4,50,27.08,38.5,11.42,weak,1,remedial,M0054,2026-01-28
U01692,English,Writing,easy,20,20,0,100.0,2,37,95.05,95.42,0.37,mastered,0,continue,M0045,2026-05-05
U01693,English,Tenses,easy,10,8,2,80.0,1,18,72.23,75.07,2.84,mastered,0,continue,M0042,2026-02-26
U01694,Programming,Data Structures,hard,15,2,13,13.33,2,53,7.62,26.25,18.63,weak,1,remedial,M0028,2026-05-06
U01695,English,Tenses,hard,5,2,3,40.0,1,36,44.52,64.05,19.53,weak,1,remedial,M0040,2026-05-20
U01696,Mathematics,Statistics,easy,15,15,0,100.0,3,53,100,100,0,mastered,0,continue,M0012,2026-04-07
U01697,Digital Literacy,Data Privacy,medium,5,1,4,20.0,1,44,18.81,49.71,30.9,weak,1,remedial,M0066,2026-02-08
U01698,Business,Financial Literacy,medium,20,11,9,55.0,1,22,59.79,85.7,25.91,weak,1,remedial,M0079,2026-03-26
U01699,Business,Entrepreneurship,hard,15,2,13,13.33,1,48,9.09,38.54,29.45,weak,1,remedial,M0086,2026-04-26
U01700,Science,Ecosystem,easy,10,2,8,20.0,1,25,21.08,31.87,10.79,weak,1,remedial,M0055,2026-04-22
U01701,Business,Customer Service,hard,5,2,3,40.0,3,56,37.51,59.06,21.55,weak,1,remedial,M0082,2026-03-04
U01702,Business,Entrepreneurship,easy,10,5,5,50.0,3,21,52.11,65.31,13.2,weak,1,remedial,M0086,2026-03-16
U01703,Science,Energy,easy,15,9,6,60.0,1,31,58.68,71.39,12.71,partial,0,review,M0052,2026-05-15
U01704,Digital Literacy,Online Collaboration,hard,20,16,4,80.0,1,56,77.66,80.71,3.05,mastered,0,continue,M0070,2026-05-21
U01705,Mathematics,Fractions,medium,20,13,7,65.0,1,33,57.23,64.73,7.5,partial,0,review,M0002,2026-05-25
U01706,English,Grammar,medium,20,11,9,55.0,3,51,51.67,76.47,24.8,weak,1,remedial,M0034,2026-04-07
U01707,Business,Customer Service,medium,5,2,3,40.0,2,37,36.97,48.25,11.28,weak,1,remedial,M0084,2026-03-14
U01708,Business,Entrepreneurship,easy,15,6,9,40.0,1,26,33.8,59.7,25.9,weak,1,remedial,M0087,2026-04-13
U01709,Mathematics,Fractions,medium,20,14,6,70.0,4,40,64.93,75.61,10.68,partial,0,review,M0002,2026-02-22
U01710,Science,Ecosystem,medium,10,8,2,80.0,1,27,74.27,75.74,1.47,mastered,0,continue,M0057,2026-02-15
U01711,Mathematics,Geometry,easy,20,12,8,60.0,3,48,65.69,73.86,8.17,partial,0,review,M0007,2026-01-01
U01712,Business,Business Communication,medium,20,5,15,25.0,2,61,26.05,42.93,16.88,weak,1,remedial,M0088,2026-04-18
U01713,English,Writing,easy,5,4,1,80.0,2,40,84.0,86.04,2.04,mastered,0,continue,M0043,2026-03-01
U01714,Business,Customer Service,medium,15,12,3,80.0,3,35,85.04,88.86,3.82,mastered,0,continue,M0083,2026-05-06
U01715,Science,Energy,easy,15,13,2,86.67,4,45,91.91,96.24,4.33,mastered,0,continue,M0052,2026-04-27
U01716,Business,Entrepreneurship,medium,5,2,3,40.0,1,40,33.72,61.45,27.73,weak,1,remedial,M0085,2026-02-16
U01717,Business,Customer Service,easy,15,10,5,66.67,2,24,66.77,76.68,9.91,partial,0,review,M0082,2026-05-24
U01718,Mathematics,Linear Equations,medium,10,6,4,60.0,1,40,56.9,69.29,12.39,partial,0,review,M0014,2026-02-02
U01719,Business,Business Communication,medium,10,7,3,70.0,5,62,68.83,74.02,5.19,partial,0,review,M0089,2026-03-29
U01720,Digital Literacy,Data Privacy,hard,20,10,10,50.0,1,31,49.57,84.36,34.79,weak,1,remedial,M0065,2026-05-10
U01721,Science,Energy,medium,15,3,12,20.0,1,40,15.33,44.43,29.1,weak,1,remedial,M0053,2026-04-06
U01722,Mathematics,Linear Equations,medium,20,9,11,45.0,3,41,52.59,86.2,33.61,weak,1,remedial,M0014,2026-04-08
U01723,English,Tenses,medium,5,4,1,80.0,1,55,86.34,89.76,3.42,mastered,0,continue,M0041,2026-02-21
U01724,Digital Literacy,Online Collaboration,hard,5,1,4,20.0,1,58,26.12,41.07,14.95,weak,1,remedial,M0072,2026-02-04
U01725,Mathematics,Algebra Basics,easy,5,5,0,100.0,2,28,100,100,0,mastered,0,continue,M0006,2026-05-06
U01726,Digital Literacy,File Management,medium,20,3,17,15.0,5,62,13.28,44.7,31.42,weak,1,remedial,M0069,2026-05-27
U01727,Digital Literacy,File Management,easy,5,3,2,60.0,1,14,67.98,73.66,5.68,partial,0,review,M0068,2026-02-15
U01728,Digital Literacy,File Management,medium,20,17,3,85.0,1,49,87.1,89.12,2.02,mastered,0,continue,M0067,2026-03-13
U01729,Business,Financial Literacy,hard,5,0,5,0.0,4,65,0,34.62,34.62,weak,1,remedial,M0079,2026-01-09
U01730,Digital Literacy,File Management,medium,5,4,1,80.0,3,74,83.57,84.66,1.09,mastered,0,continue,M0067,2026-03-18
U01731,Business,Financial Literacy,easy,15,10,5,66.67,1,31,64.12,68.16,4.04,partial,0,review,M0080,2026-03-28
U01732,Mathematics,Statistics,medium,20,15,5,75.0,4,52,70.43,79.57,9.14,partial,0,review,M0012,2026-04-25
U01733,Science,Cells,medium,20,7,13,35.0,1,45,35.72,58.24,22.52,weak,1,remedial,M0046,2026-04-18
U01734,English,Tenses,hard,15,6,9,40.0,5,69,43.81,66.09,22.28,weak,1,remedial,M0041,2026-03-15
U01735,English,Tenses,medium,20,19,1,95.0,5,58,97.52,99.98,2.46,mastered,0,continue,M0041,2026-01-01
U01736,Programming,Data Structures,easy,5,5,0,100.0,2,39,95.83,98.85,3.02,mastered,0,continue,M0029,2026-05-03
U01737,Digital Literacy,Data Privacy,medium,10,10,0,100.0,1,24,100,100,0,mastered,0,continue,M0065,2026-03-31
U01738,Programming,Conditional Logic,easy,5,4,1,80.0,2,31,80.36,82.24,1.88,mastered,0,continue,M0021,2026-03-07
U01739,Digital Literacy,Online Collaboration,easy,10,10,0,100.0,1,5,100,100,0,mastered,0,continue,M0071,2026-04-24
U01740,Business,Financial Literacy,medium,20,10,10,50.0,1,46,51.69,77.04,25.35,weak,1,remedial,M0080,2026-04-11
U01741,Mathematics,Algebra Basics,easy,15,4,11,26.67,1,33,19.1,44.65,25.55,weak,1,remedial,M0006,2026-05-11
U01742,Science,Ecosystem,hard,10,5,5,50.0,1,29,46.59,76.46,29.87,weak,1,remedial,M0055,2026-04-08
U01743,English,Writing,medium,5,4,1,80.0,1,31,77.18,78.39,1.21,mastered,0,continue,M0043,2026-01-03
U01744,Programming,Functions,easy,20,19,1,95.0,1,16,87.4,90.46,3.06,mastered,0,continue,M0027,2026-01-21
U01745,English,Reading Comprehension,medium,15,5,10,33.33,1,33,26.16,49.95,23.79,weak,1,remedial,M0038,2026-04-22
U01746,Digital Literacy,File Management,medium,5,3,2,60.0,1,34,64.56,77.25,12.69,partial,0,review,M0069,2026-05-05
U01747,English,Vocabulary,medium,5,3,2,60.0,2,34,61.04,65.66,4.62,partial,0,review,M0033,2026-03-02
U01748,Mathematics,Algebra Basics,medium,5,5,0,100.0,1,31,100,100,0,mastered,0,continue,M0006,2026-05-16
U01749,Digital Literacy,Online Collaboration,easy,5,5,0,100.0,2,51,97.96,100,2.04,mastered,0,continue,M0071,2026-05-16
U01750,Science,Cells,easy,20,18,2,90.0,4,43,92.3,95.78,3.48,mastered,0,continue,M0047,2026-03-26
U01751,Science,Matter,hard,10,4,6,40.0,3,38,38.2,69.37,31.17,weak,1,remedial,M0060,2026-02-01
U01752,Mathematics,Algebra Basics,medium,15,5,10,33.33,3,41,25.45,58.11,32.66,weak,1,remedial,M0006,2026-03-04
U01753,Mathematics,Geometry,medium,10,6,4,60.0,1,34,60.86,64.24,3.38,partial,0,review,M0009,2026-04-03
U01754,Digital Literacy,Basic Troubleshooting,medium,10,3,7,30.0,2,37,31.94,64.71,32.77,weak,1,remedial,M0074,2026-01-28
U01755,English,Writing,hard,5,1,4,20.0,1,44,25.88,46.05,20.17,weak,1,remedial,M0044,2026-04-17
U01756,Programming,Functions,medium,15,5,10,33.33,1,39,32.18,46.79,14.61,weak,1,remedial,M0026,2026-03-10
U01757,Digital Literacy,File Management,medium,5,4,1,80.0,3,55,73.31,74.31,1.0,mastered,0,continue,M0069,2026-02-20
U01758,English,Tenses,easy,5,2,3,40.0,2,50,44.9,57.66,12.76,weak,1,remedial,M0041,2026-01-20
U01759,Digital Literacy,Online Collaboration,medium,10,4,6,40.0,1,43,39.63,64.0,24.37,weak,1,remedial,M0071,2026-01-27
U01760,Business,Entrepreneurship,easy,15,14,1,93.33,1,26,100,100,0,mastered,0,continue,M0085,2026-04-26
U01761,Mathematics,Statistics,easy,5,5,0,100.0,5,48,95.0,97.13,2.13,mastered,0,continue,M0012,2026-03-11
U01762,Mathematics,Linear Equations,easy,15,13,2,86.67,2,46,93.96,96.29,2.33,mastered,0,continue,M0015,2026-04-11
U01763,Science,Cells,hard,5,0,5,0.0,2,66,0,33.2,33.2,weak,1,remedial,M0047,2026-04-09
U01764,English,Reading Comprehension,easy,10,9,1,90.0,5,56,84.93,85.96,1.03,mastered,0,continue,M0038,2026-02-26
U01765,Science,Matter,hard,5,3,2,60.0,2,44,52.84,65.37,12.53,partial,0,review,M0059,2026-02-23
U01766,Digital Literacy,Online Collaboration,hard,15,11,4,73.33,3,68,75.06,88.32,13.26,partial,0,review,M0072,2026-02-21
U01767,Science,Energy,medium,5,3,2,60.0,1,38,59.4,73.36,13.96,partial,0,review,M0052,2026-05-18
U01768,Business,Business Communication,easy,15,7,8,46.67,2,46,45.52,65.72,20.2,weak,1,remedial,M0089,2026-04-27
U01769,Mathematics,Algebra Basics,easy,5,5,0,100.0,3,46,100,100,0,mastered,0,continue,M0005,2026-03-15
U01770,Business,Customer Service,medium,20,7,13,35.0,3,58,42.25,70.34,28.09,weak,1,remedial,M0084,2026-05-25
U01771,Business,Financial Literacy,hard,15,10,5,66.67,1,51,73.25,77.43,4.18,partial,0,review,M0079,2026-02-12
U01772,Science,Force and Motion,medium,20,17,3,85.0,3,62,83.29,84.98,1.69,mastered,0,continue,M0050,2026-04-17
U01773,Digital Literacy,Internet Safety,easy,20,18,2,90.0,1,27,93.59,93.65,0.06,mastered,0,continue,M0063,2026-05-24
U01774,Science,Ecosystem,hard,20,11,9,55.0,1,44,50.48,83.53,33.05,weak,1,remedial,M0056,2026-02-23
U01775,English,Grammar,easy,20,2,18,10.0,1,19,13.98,25.93,11.95,weak,1,remedial,M0035,2026-04-01
U01776,Science,Ecosystem,easy,5,5,0,100.0,1,44,100,100,0,mastered,0,continue,M0055,2026-02-18
U01777,Mathematics,Geometry,medium,15,6,9,40.0,1,55,36.67,55.63,18.96,weak,1,remedial,M0007,2026-05-23
U01778,English,Vocabulary,medium,10,10,0,100.0,2,41,100,100,0,mastered,0,continue,M0032,2026-02-24
U01779,Digital Literacy,Online Collaboration,easy,15,13,2,86.67,1,40,80.64,81.94,1.3,mastered,0,continue,M0070,2026-05-18
U01780,Mathematics,Linear Equations,hard,5,0,5,0.0,1,45,0,21.73,21.73,weak,1,remedial,M0015,2026-02-24
U01781,Programming,Variables,medium,10,8,2,80.0,2,49,75.69,76.83,1.14,mastered,0,continue,M0016,2026-02-21
U01782,Programming,Loops,hard,20,8,12,40.0,1,48,45.12,64.6,19.48,weak,1,remedial,M0023,2026-01-23
U01783,Programming,Functions,easy,10,8,2,80.0,2,38,85.58,87.36,1.78,mastered,0,continue,M0026,2026-04-27
U01784,English,Writing,easy,10,7,3,70.0,1,38,76.14,84.57,8.43,partial,0,review,M0044,2026-01-04
U01785,Mathematics,Statistics,easy,20,9,11,45.0,3,34,47.55,67.3,19.75,weak,1,remedial,M0012,2026-02-17
U01786,Science,Matter,medium,10,1,9,10.0,4,50,3.93,28.1,24.17,weak,1,remedial,M0058,2026-03-17
U01787,Digital Literacy,File Management,medium,15,9,6,60.0,3,51,58.09,61.93,3.84,partial,0,review,M0068,2026-02-13
U01788,Digital Literacy,Data Privacy,easy,15,7,8,46.67,3,30,40.89,56.75,15.86,weak,1,remedial,M0066,2026-04-03
U01789,Business,Business Communication,hard,5,3,2,60.0,1,49,62.81,66.62,3.81,partial,0,review,M0090,2026-01-31
U01790,Programming,Data Structures,medium,20,17,3,85.0,1,51,77.37,80.01,2.64,mastered,0,continue,M0029,2026-05-23
U01791,Business,Customer Service,hard,5,4,1,80.0,2,18,86.37,89.27,2.9,mastered,0,continue,M0084,2026-01-30
U01792,Mathematics,Statistics,medium,10,6,4,60.0,1,18,67.23,73.39,6.16,partial,0,review,M0010,2026-04-15
U01793,Mathematics,Statistics,medium,20,19,1,95.0,1,25,95.54,98.17,2.63,mastered,0,continue,M0010,2026-04-21
U01794,Programming,Loops,medium,5,2,3,40.0,3,66,33.61,45.08,11.47,weak,1,remedial,M0022,2026-01-26
U01795,English,Writing,medium,15,10,5,66.67,2,53,64.06,69.79,5.73,partial,0,review,M0043,2026-04-13
U01796,Science,Ecosystem,medium,10,5,5,50.0,1,26,49.98,82.43,32.45,weak,1,remedial,M0057,2026-01-12
U01797,English,Vocabulary,easy,15,15,0,100.0,1,34,95.54,98.44,2.9,mastered,0,continue,M0031,2026-01-06
U01798,Mathematics,Linear Equations,medium,10,9,1,90.0,2,32,88.43,92.1,3.67,mastered,0,continue,M0014,2026-03-21
U01799,Business,Business Communication,medium,10,10,0,100.0,1,44,100,100,0,mastered,0,continue,M0088,2026-05-27
U01800,Science,Force and Motion,medium,20,8,12,40.0,2,38,35.45,54.1,18.65,weak,1,remedial,M0050,2026-01-14
U01801,English,Tenses,easy,15,13,2,86.67,2,46,87.09,89.92,2.83,mastered,0,continue,M0041,2026-05-26
U01802,Science,Ecosystem,medium,10,8,2,80.0,2,46,76.13,76.37,0.24,mastered,0,continue,M0057,2026-04-17
U01803,Mathematics,Linear Equations,medium,10,9,1,90.0,2,38,91.04,92.44,1.4,mastered,0,continue,M0013,2026-03-05
U01804,Science,Ecosystem,easy,15,10,5,66.67,3,40,67.69,73.94,6.25,partial,0,review,M0055,2026-04-12
U01805,Digital Literacy,Internet Safety,medium,5,4,1,80.0,1,47,82.75,85.13,2.38,mastered,0,continue,M0061,2026-04-27
U01806,Business,Entrepreneurship,easy,20,17,3,85.0,1,54,82.41,84.02,1.61,mastered,0,continue,M0085,2026-03-09
U01807,English,Writing,easy,20,6,14,30.0,1,32,28.25,46.05,17.8,weak,1,remedial,M0045,2026-04-22
U01808,Business,Financial Literacy,medium,20,10,10,50.0,4,55,51.06,61.13,10.07,weak,1,remedial,M0081,2026-01-20
U01809,Business,Business Communication,medium,15,10,5,66.67,4,43,64.65,67.94,3.29,partial,0,review,M0088,2026-03-07
U01810,English,Reading Comprehension,easy,20,20,0,100.0,3,34,92.46,97.17,4.71,mastered,0,continue,M0038,2026-02-17
U01811,Mathematics,Algebra Basics,easy,15,9,6,60.0,5,52,59.06,67.78,8.72,partial,0,review,M0006,2026-03-15
U01812,Science,Energy,medium,20,18,2,90.0,2,24,86.38,89.18,2.8,mastered,0,continue,M0053,2026-05-05
U01813,Science,Energy,medium,20,14,6,70.0,1,34,75.46,84.11,8.65,partial,0,review,M0053,2026-04-14
U01814,Programming,Conditional Logic,hard,20,9,11,45.0,3,44,49.92,79.5,29.58,weak,1,remedial,M0019,2026-05-07
U01815,Mathematics,Geometry,medium,20,11,9,55.0,4,56,57.44,79.95,22.51,weak,1,remedial,M0007,2026-02-06
U01816,Mathematics,Geometry,medium,5,0,5,0.0,2,40,0,14.51,14.51,weak,1,remedial,M0009,2026-01-18
U01817,Programming,Conditional Logic,hard,5,4,1,80.0,2,43,84.06,85.09,1.03,mastered,0,continue,M0021,2026-04-27
U01818,English,Writing,easy,15,15,0,100.0,3,50,96.66,100,3.34,mastered,0,continue,M0044,2026-05-09
U01819,Digital Literacy,Basic Troubleshooting,medium,20,11,9,55.0,2,40,53.13,70.1,16.97,weak,1,remedial,M0074,2026-03-16
U01820,Mathematics,Statistics,medium,10,3,7,30.0,1,38,26.35,52.25,25.9,weak,1,remedial,M0010,2026-01-16
U01821,Programming,Conditional Logic,easy,10,9,1,90.0,2,27,84.22,85.25,1.03,mastered,0,continue,M0019,2026-01-21
U01822,Programming,Loops,hard,15,10,5,66.67,1,38,73.03,85.85,12.82,partial,0,review,M0023,2026-05-01
U01823,English,Writing,hard,5,2,3,40.0,1,49,43.6,64.33,20.73,weak,1,remedial,M0043,2026-05-27
U01824,English,Tenses,medium,15,6,9,40.0,1,30,35.77,65.3,29.53,weak,1,remedial,M0040,2026-05-13
U01825,Digital Literacy,Internet Safety,medium,20,14,6,70.0,4,68,72.98,87.51,14.53,partial,0,review,M0061,2026-05-18
U01826,Programming,Conditional Logic,easy,5,4,1,80.0,1,30,78.13,82.38,4.25,mastered,0,continue,M0019,2026-01-04
U01827,Mathematics,Geometry,medium,10,6,4,60.0,2,42,59.44,73.48,14.04,partial,0,review,M0007,2026-04-19
U01828,Mathematics,Algebra Basics,hard,15,1,14,6.67,4,66,4.78,25.17,20.39,weak,1,remedial,M0005,2026-04-12
U01829,Business,Customer Service,medium,5,2,3,40.0,2,55,34.36,65.54,31.18,weak,1,remedial,M0084,2026-05-19
U01830,Business,Financial Literacy,easy,20,19,1,95.0,1,53,96.73,97.92,1.19,mastered,0,continue,M0079,2026-02-22
U01831,English,Writing,medium,5,2,3,40.0,2,35,44.36,65.88,21.52,weak,1,remedial,M0043,2026-02-24
U01832,Mathematics,Linear Equations,hard,10,6,4,60.0,4,64,60.79,67.49,6.7,partial,0,review,M0015,2026-02-27
U01833,Programming,Functions,medium,15,9,6,60.0,1,27,59.69,66.45,6.76,partial,0,review,M0027,2026-01-01
U01834,Science,Cells,easy,20,17,3,85.0,4,58,92.11,94.62,2.51,mastered,0,continue,M0048,2026-04-15
U01835,Digital Literacy,Internet Safety,medium,20,5,15,25.0,3,40,23.49,58.14,34.65,weak,1,remedial,M0061,2026-03-07
U01836,Business,Customer Service,medium,5,5,0,100.0,3,47,94.62,96.88,2.26,mastered,0,continue,M0083,2026-05-10
U01837,Programming,Loops,easy,10,7,3,70.0,1,22,74.11,80.25,6.14,partial,0,review,M0023,2026-01-17
U01838,Digital Literacy,File Management,medium,5,5,0,100.0,1,39,92.13,92.6,0.47,mastered,0,continue,M0067,2026-05-27
U01839,Programming,Variables,medium,5,2,3,40.0,3,49,38.82,63.16,24.34,weak,1,remedial,M0016,2026-04-06
U01840,Business,Business Communication,medium,10,4,6,40.0,3,28,45.85,75.56,29.71,weak,1,remedial,M0088,2026-05-14
U01841,Programming,Functions,easy,5,4,1,80.0,3,31,74.53,78.12,3.59,mastered,0,continue,M0026,2026-04-26
U01842,Business,Marketing Basics,medium,20,13,7,65.0,3,45,60.76,74.57,13.81,partial,0,review,M0078,2026-03-03
U01843,English,Tenses,medium,5,2,3,40.0,1,38,33.3,54.8,21.5,weak,1,remedial,M0040,2026-02-04
U01844,Mathematics,Algebra Basics,easy,15,12,3,80.0,2,27,82.94,85.13,2.19,mastered,0,continue,M0006,2026-05-30
U01845,Business,Marketing Basics,hard,5,2,3,40.0,4,51,47.55,64.68,17.13,weak,1,remedial,M0078,2026-04-12
U01846,Science,Cells,easy,20,16,4,80.0,3,47,74.28,74.79,0.51,mastered,0,continue,M0047,2026-04-19
U01847,Science,Cells,easy,5,4,1,80.0,1,17,86.94,91.83,4.89,mastered,0,continue,M0046,2026-02-14
U01848,Mathematics,Algebra Basics,easy,20,18,2,90.0,1,29,93.04,94.95,1.91,mastered,0,continue,M0004,2026-05-12
U01849,Science,Energy,medium,15,2,13,13.33,2,47,6.36,36.28,29.92,weak,1,remedial,M0052,2026-03-12
U01850,English,Writing,hard,15,12,3,80.0,1,40,74.77,78.6,3.83,mastered,0,continue,M0044,2026-03-02
U01851,Digital Literacy,File Management,medium,5,2,3,40.0,2,58,45.09,75.11,30.02,weak,1,remedial,M0067,2026-03-23
U01852,Digital Literacy,Data Privacy,easy,20,19,1,95.0,2,31,93.4,96.81,3.41,mastered,0,continue,M0066,2026-04-22
U01853,Mathematics,Statistics,medium,5,4,1,80.0,1,24,80.69,82.99,2.3,mastered,0,continue,M0010,2026-03-21
U01854,English,Vocabulary,medium,5,1,4,20.0,2,51,14.06,31.2,17.14,weak,1,remedial,M0033,2026-02-11
U01855,Mathematics,Statistics,easy,10,8,2,80.0,1,43,75.44,78.0,2.56,mastered,0,continue,M0010,2026-02-10
U01856,English,Reading Comprehension,easy,15,15,0,100.0,1,29,94.05,95.54,1.49,mastered,0,continue,M0038,2026-05-18
U01857,Programming,Loops,medium,5,2,3,40.0,3,49,38.85,53.3,14.45,weak,1,remedial,M0024,2026-01-01
U01858,Mathematics,Statistics,hard,10,4,6,40.0,1,44,37.16,57.78,20.62,weak,1,remedial,M0010,2026-01-14
U01859,Digital Literacy,Internet Safety,medium,5,3,2,60.0,1,28,56.38,61.11,4.73,partial,0,review,M0063,2026-03-30
U01860,Business,Customer Service,medium,5,3,2,60.0,2,30,54.69,63.44,8.75,partial,0,review,M0084,2026-02-04
U01861,English,Tenses,medium,10,4,6,40.0,2,33,44.59,55.82,11.23,weak,1,remedial,M0041,2026-05-19
U01862,English,Grammar,easy,5,5,0,100.0,3,40,94.24,98.54,4.3,mastered,0,continue,M0035,2026-04-09
U01863,Mathematics,Fractions,hard,20,11,9,55.0,2,60,62.03,88.46,26.43,weak,1,remedial,M0001,2026-05-26
U01864,Business,Customer Service,medium,15,14,1,93.33,1,42,90.46,95.27,4.81,mastered,0,continue,M0084,2026-04-22
U01865,Science,Force and Motion,hard,5,3,2,60.0,3,52,56.11,67.62,11.51,partial,0,review,M0049,2026-02-07
U01866,Business,Entrepreneurship,easy,15,10,5,66.67,1,24,63.01,67.92,4.91,partial,0,review,M0086,2026-03-09
U01867,Digital Literacy,File Management,easy,5,3,2,60.0,2,42,66.37,72.61,6.24,partial,0,review,M0069,2026-03-07
U01868,Digital Literacy,Basic Troubleshooting,easy,15,12,3,80.0,3,22,85.38,86.57,1.19,mastered,0,continue,M0073,2026-04-25
U01869,English,Vocabulary,easy,5,4,1,80.0,2,38,78.12,79.2,1.08,mastered,0,continue,M0032,2026-03-16
U01870,Digital Literacy,File Management,medium,15,13,2,86.67,4,55,88.75,91.54,2.79,mastered,0,continue,M0068,2026-03-03
U01871,Programming,Variables,easy,20,17,3,85.0,1,22,88.2,93.06,4.86,mastered,0,continue,M0016,2026-03-07
U01872,Business,Financial Literacy,hard,15,8,7,53.33,1,53,56.41,81.1,24.69,weak,1,remedial,M0079,2026-03-27
U01873,English,Reading Comprehension,easy,20,6,14,30.0,3,44,31.5,41.73,10.23,weak,1,remedial,M0038,2026-05-23
U01874,Mathematics,Fractions,hard,15,9,6,60.0,4,53,52.02,60.55,8.53,partial,0,review,M0003,2026-04-25
U01875,Programming,Functions,easy,5,5,0,100.0,5,57,95.24,99.11,3.87,mastered,0,continue,M0025,2026-01-15
U01876,Mathematics,Algebra Basics,easy,10,6,4,60.0,4,44,60.89,69.42,8.53,partial,0,review,M0004,2026-01-28
U01877,Digital Literacy,File Management,medium,10,8,2,80.0,5,68,87.71,91.27,3.56,mastered,0,continue,M0069,2026-01-12
U01878,Science,Cells,easy,10,8,2,80.0,1,40,81.2,81.56,0.36,mastered,0,continue,M0047,2026-03-10
U01879,Business,Customer Service,medium,20,14,6,70.0,5,81,69.2,77.03,7.83,partial,0,review,M0083,2026-03-21
U01880,Programming,Conditional Logic,medium,10,6,4,60.0,3,70,67.57,81.74,14.17,partial,0,review,M0021,2026-02-24
U01881,Business,Marketing Basics,medium,20,18,2,90.0,2,37,82.33,85.07,2.74,mastered,0,continue,M0078,2026-04-02
U01882,Programming,Functions,medium,10,4,6,40.0,3,56,37.71,59.54,21.83,weak,1,remedial,M0026,2026-03-22
U01883,English,Grammar,medium,10,4,6,40.0,3,49,40.71,74.42,33.71,weak,1,remedial,M0036,2026-02-10
U01884,Programming,Conditional Logic,easy,15,7,8,46.67,1,49,39.56,51.17,11.61,weak,1,remedial,M0019,2026-05-29
U01885,Mathematics,Geometry,easy,10,8,2,80.0,1,43,85.19,89.16,3.97,mastered,0,continue,M0008,2026-02-25
U01886,Mathematics,Linear Equations,hard,20,5,15,25.0,1,69,20.78,43.29,22.51,weak,1,remedial,M0015,2026-03-24
U01887,English,Vocabulary,medium,20,7,13,35.0,1,43,36.64,55.21,18.57,weak,1,remedial,M0033,2026-01-09
U01888,Mathematics,Geometry,easy,10,7,3,70.0,5,48,77.35,90.86,13.51,partial,0,review,M0007,2026-01-15
U01889,Digital Literacy,Basic Troubleshooting,medium,10,2,8,20.0,3,40,23.15,37.12,13.97,weak,1,remedial,M0073,2026-04-07
U01890,Business,Entrepreneurship,medium,5,0,5,0.0,1,45,0,12.88,12.88,weak,1,remedial,M0085,2026-02-25
U01891,English,Reading Comprehension,hard,5,3,2,60.0,1,39,55.37,59.41,4.04,partial,0,review,M0039,2026-02-14
U01892,Programming,Variables,easy,15,5,10,33.33,5,58,38.39,66.57,28.18,weak,1,remedial,M0016,2026-04-29
U01893,Programming,Conditional Logic,hard,15,7,8,46.67,1,50,54.6,67.18,12.58,weak,1,remedial,M0020,2026-01-25
U01894,Science,Force and Motion,medium,5,1,4,20.0,5,69,21.63,42.7,21.07,weak,1,remedial,M0051,2026-05-24
U01895,Digital Literacy,Internet Safety,easy,15,15,0,100.0,3,45,100,100,0,mastered,0,continue,M0063,2026-02-11
U01896,Programming,Data Structures,easy,10,2,8,20.0,1,27,26.46,52.82,26.36,weak,1,remedial,M0030,2026-02-17
U01897,Digital Literacy,File Management,easy,20,17,3,85.0,4,57,81.81,84.55,2.74,mastered,0,continue,M0068,2026-04-15
U01898,Business,Financial Literacy,easy,10,6,4,60.0,1,39,64.91,75.67,10.76,partial,0,review,M0080,2026-04-30
U01899,English,Writing,easy,15,15,0,100.0,2,31,96.31,97.28,0.97,mastered,0,continue,M0045,2026-03-15
U01900,Programming,Loops,easy,15,14,1,93.33,2,29,92.33,92.46,0.13,mastered,0,continue,M0023,2026-03-03
U01901,Programming,Loops,medium,15,14,1,93.33,1,54,89.74,94.22,4.48,mastered,0,continue,M0022,2026-03-17
U01902,Science,Matter,easy,15,13,2,86.67,1,27,86.38,90.34,3.96,mastered,0,continue,M0058,2026-03-10
U01903,Science,Energy,medium,10,7,3,70.0,1,38,76.38,89.95,13.57,partial,0,review,M0052,2026-05-13
U01904,Programming,Data Structures,medium,5,3,2,60.0,2,52,63.64,71.74,8.1,partial,0,review,M0029,2026-01-31
U01905,Digital Literacy,Basic Troubleshooting,medium,5,0,5,0.0,1,57,0,16.5,16.5,weak,1,remedial,M0075,2026-04-02
U01906,English,Reading Comprehension,medium,10,3,7,30.0,1,32,29.87,52.75,22.88,weak,1,remedial,M0038,2026-01-14
U01907,Digital Literacy,Data Privacy,medium,20,4,16,20.0,1,50,19.98,54.24,34.26,weak,1,remedial,M0064,2026-02-17
U01908,Programming,Data Structures,medium,15,6,9,40.0,2,44,44.07,62.26,18.19,weak,1,remedial,M0028,2026-04-26
U01909,Business,Financial Literacy,hard,20,3,17,15.0,3,47,21.34,49.8,28.46,weak,1,remedial,M0081,2026-01-14
U01910,Programming,Variables,hard,15,1,14,6.67,4,65,1.72,20.95,19.23,weak,1,remedial,M0016,2026-01-27
U01911,Programming,Functions,medium,5,1,4,20.0,1,30,17.84,49.03,31.19,weak,1,remedial,M0027,2026-04-29
U01912,Programming,Conditional Logic,medium,10,4,6,40.0,1,31,35.56,47.15,11.59,weak,1,remedial,M0020,2026-05-29
U01913,Mathematics,Linear Equations,medium,20,12,8,60.0,2,48,54.1,64.79,10.69,partial,0,review,M0014,2026-02-16
U01914,Science,Energy,easy,15,15,0,100.0,1,37,95.02,99.64,4.62,mastered,0,continue,M0053,2026-03-26
U01915,Business,Entrepreneurship,easy,5,5,0,100.0,3,38,94.01,94.48,0.47,mastered,0,continue,M0086,2026-05-03
U01916,Programming,Functions,medium,15,15,0,100.0,2,48,100,100,0,mastered,0,continue,M0025,2026-02-17
U01917,English,Vocabulary,medium,5,5,0,100.0,5,65,100,100,0,mastered,0,continue,M0032,2026-02-14
U01918,English,Reading Comprehension,medium,20,10,10,50.0,3,29,51.02,76.02,25.0,weak,1,remedial,M0037,2026-05-09
U01919,Mathematics,Algebra Basics,hard,10,3,7,30.0,4,62,24.93,48.46,23.53,weak,1,remedial,M0006,2026-03-07
U01920,Mathematics,Fractions,hard,15,10,5,66.67,2,64,72.68,81.39,8.71,partial,0,review,M0001,2026-02-24
U01921,Science,Ecosystem,hard,15,8,7,53.33,2,75,53.96,82.8,28.84,weak,1,remedial,M0056,2026-05-29
U01922,Programming,Loops,easy,5,1,4,20.0,3,48,12.76,45.49,32.73,weak,1,remedial,M0023,2026-03-05
U01923,Business,Marketing Basics,medium,10,4,6,40.0,1,32,41.02,75.02,34.0,weak,1,remedial,M0077,2026-01-21
U01924,Science,Force and Motion,medium,20,10,10,50.0,1,28,47.33,73.96,26.63,weak,1,remedial,M0050,2026-05-14
U01925,English,Writing,easy,15,10,5,66.67,1,30,66.26,77.19,10.93,partial,0,review,M0044,2026-02-28
U01926,English,Vocabulary,medium,10,6,4,60.0,1,64,65.03,70.36,5.33,partial,0,review,M0032,2026-05-03
U01927,Digital Literacy,Basic Troubleshooting,hard,20,13,7,65.0,1,38,67.72,74.46,6.74,partial,0,review,M0074,2026-04-17
U01928,English,Grammar,hard,20,5,15,25.0,3,72,29.32,62.63,33.31,weak,1,remedial,M0035,2026-01-11
U01929,Science,Ecosystem,medium,10,6,4,60.0,3,57,52.13,66.38,14.25,partial,0,review,M0056,2026-04-20
U01930,Science,Energy,easy,20,20,0,100.0,1,29,92.06,96.38,4.32,mastered,0,continue,M0054,2026-03-17
U01931,Programming,Loops,easy,5,2,3,40.0,1,14,43.92,76.62,32.7,weak,1,remedial,M0023,2026-02-12
U01932,English,Grammar,medium,10,9,1,90.0,2,34,95.7,96.71,1.01,mastered,0,continue,M0034,2026-02-22
U01933,Programming,Variables,hard,10,4,6,40.0,2,47,47.22,72.46,25.24,weak,1,remedial,M0017,2026-02-19
U01934,Business,Financial Literacy,medium,20,9,11,45.0,1,35,46.16,65.28,19.12,weak,1,remedial,M0081,2026-05-05
U01935,Mathematics,Geometry,medium,15,13,2,86.67,4,66,86.43,88.79,2.36,mastered,0,continue,M0007,2026-01-21
U01936,Mathematics,Fractions,medium,20,9,11,45.0,1,41,52.83,83.66,30.83,weak,1,remedial,M0002,2026-05-13
U01937,Business,Entrepreneurship,easy,10,3,7,30.0,1,28,22.12,55.85,33.73,weak,1,remedial,M0086,2026-02-03
U01938,Science,Force and Motion,hard,15,6,9,40.0,1,53,36.16,69.88,33.72,weak,1,remedial,M0050,2026-04-19
U01939,Science,Energy,hard,5,1,4,20.0,1,67,23.07,33.56,10.49,weak,1,remedial,M0053,2026-02-25
U01940,Programming,Variables,medium,5,2,3,40.0,2,50,39.69,73.61,33.92,weak,1,remedial,M0018,2026-03-16
U01941,Business,Business Communication,medium,15,13,2,86.67,3,47,92.4,96.22,3.82,mastered,0,continue,M0088,2026-01-24
U01942,Science,Ecosystem,easy,15,14,1,93.33,1,38,97.4,100,2.6,mastered,0,continue,M0056,2026-03-28
U01943,Business,Customer Service,easy,20,7,13,35.0,1,31,35.16,53.18,18.02,weak,1,remedial,M0084,2026-01-27
U01944,English,Reading Comprehension,medium,10,8,2,80.0,2,56,80.72,83.53,2.81,mastered,0,continue,M0038,2026-04-08
U01945,Mathematics,Fractions,medium,5,0,5,0.0,2,38,2.37,18.89,16.52,weak,1,remedial,M0001,2026-04-10
U01946,Mathematics,Geometry,medium,5,2,3,40.0,3,59,43.75,73.14,29.39,weak,1,remedial,M0009,2026-03-18
U01947,Business,Entrepreneurship,easy,5,4,1,80.0,2,52,75.84,76.02,0.18,mastered,0,continue,M0085,2026-03-18
U01948,Digital Literacy,Basic Troubleshooting,medium,5,4,1,80.0,3,69,80.4,82.33,1.93,mastered,0,continue,M0075,2026-04-27
U01949,Mathematics,Fractions,medium,20,15,5,75.0,1,42,75.9,87.08,11.18,partial,0,review,M0003,2026-02-03
U01950,Business,Business Communication,easy,20,20,0,100.0,2,33,94.07,96.84,2.77,mastered,0,continue,M0088,2026-04-19
U01951,Science,Ecosystem,easy,10,7,3,70.0,3,41,65.34,71.66,6.32,partial,0,review,M0055,2026-05-06
U01952,Mathematics,Fractions,medium,15,2,13,13.33,1,38,19.7,50.92,31.22,weak,1,remedial,M0001,2026-03-28
U01953,Mathematics,Algebra Basics,hard,10,3,7,30.0,1,56,35.59,67.8,32.21,weak,1,remedial,M0006,2026-02-11
U01954,Business,Marketing Basics,easy,15,3,12,20.0,2,52,22.24,36.96,14.72,weak,1,remedial,M0077,2026-05-10
U01955,Science,Matter,hard,5,2,3,40.0,1,42,39.97,54.72,14.75,weak,1,remedial,M0059,2026-05-29
U01956,English,Grammar,medium,5,3,2,60.0,2,32,53.56,59.68,6.12,partial,0,review,M0034,2026-04-08
U01957,Digital Literacy,Data Privacy,easy,20,10,10,50.0,1,23,47.85,61.96,14.11,weak,1,remedial,M0066,2026-02-25
U01958,Programming,Loops,medium,15,10,5,66.67,2,44,62.35,76.41,14.06,partial,0,review,M0023,2026-01-25
U01959,English,Tenses,medium,20,17,3,85.0,3,23,90.34,94.92,4.58,mastered,0,continue,M0040,2026-02-03
U01960,Mathematics,Statistics,easy,5,0,5,0.0,2,46,3.42,21.99,18.57,weak,1,remedial,M0012,2026-05-27
U01961,Digital Literacy,Online Collaboration,easy,5,4,1,80.0,2,40,79.7,80.54,0.84,mastered,0,continue,M0070,2026-03-21
U01962,Programming,Conditional Logic,hard,15,2,13,13.33,4,68,20.19,36.57,16.38,weak,1,remedial,M0019,2026-01-31
U01963,Programming,Data Structures,medium,15,8,7,53.33,1,40,46.07,76.93,30.86,weak,1,remedial,M0029,2026-02-08
U01964,Business,Business Communication,easy,15,7,8,46.67,1,38,46.67,74.32,27.65,weak,1,remedial,M0088,2026-04-29
U01965,Programming,Conditional Logic,easy,20,14,6,70.0,2,8,74.67,88.11,13.44,partial,0,review,M0021,2026-04-01
U01966,Science,Cells,easy,20,14,6,70.0,2,34,73.54,87.09,13.55,partial,0,review,M0047,2026-02-03
U01967,Business,Financial Literacy,hard,10,6,4,60.0,1,39,55.54,63.17,7.63,partial,0,review,M0079,2026-04-11
U01968,Programming,Data Structures,medium,5,4,1,80.0,1,46,81.51,86.37,4.86,mastered,0,continue,M0030,2026-05-21
U01969,Programming,Variables,easy,20,20,0,100.0,1,26,100,100,0,mastered,0,continue,M0018,2026-05-22
U01970,English,Vocabulary,hard,20,17,3,85.0,3,79,90.34,91.33,0.99,mastered,0,continue,M0033,2026-04-14
U01971,Mathematics,Geometry,medium,5,4,1,80.0,1,47,87.29,90.3,3.01,mastered,0,continue,M0009,2026-02-08
U01972,Digital Literacy,Data Privacy,easy,10,4,6,40.0,2,41,33.2,43.38,10.18,weak,1,remedial,M0064,2026-02-28
U01973,Programming,Conditional Logic,medium,20,8,12,40.0,2,42,41.65,61.0,19.35,weak,1,remedial,M0019,2026-01-24
U01974,Mathematics,Geometry,medium,20,20,0,100.0,2,41,100,100,0,mastered,0,continue,M0009,2026-05-01
U01975,Science,Matter,medium,10,9,1,90.0,4,52,88.19,88.67,0.48,mastered,0,continue,M0059,2026-04-16
U01976,Digital Literacy,Data Privacy,hard,15,2,13,13.33,1,41,6.13,23.2,17.07,weak,1,remedial,M0064,2026-01-06
U01977,Digital Literacy,Online Collaboration,medium,20,16,4,80.0,1,54,84.54,86.91,2.37,mastered,0,continue,M0070,2026-05-11
U01978,Digital Literacy,Data Privacy,easy,20,18,2,90.0,4,58,87.42,91.31,3.89,mastered,0,continue,M0066,2026-01-31
U01979,English,Writing,hard,10,0,10,0.0,1,49,0,34.73,34.73,weak,1,remedial,M0045,2026-02-22
U01980,Business,Business Communication,medium,15,10,5,66.67,3,57,65.01,68.92,3.91,partial,0,review,M0088,2026-04-05
U01981,Digital Literacy,Internet Safety,easy,5,5,0,100.0,2,33,92.5,96.13,3.63,mastered,0,continue,M0063,2026-02-26
U01982,Mathematics,Statistics,hard,15,6,9,40.0,5,67,46.36,72.39,26.03,weak,1,remedial,M0010,2026-01-09
U01983,Programming,Loops,medium,20,9,11,45.0,1,46,45.17,56.99,11.82,weak,1,remedial,M0024,2026-03-01
U01984,Business,Customer Service,hard,20,8,12,40.0,2,62,37.79,61.97,24.18,weak,1,remedial,M0084,2026-02-06
U01985,Business,Entrepreneurship,medium,15,9,6,60.0,2,46,65.63,79.51,13.88,partial,0,review,M0086,2026-05-10
U01986,English,Reading Comprehension,easy,5,2,3,40.0,2,31,40.45,63.78,23.33,weak,1,remedial,M0037,2026-04-11
U01987,Mathematics,Algebra Basics,hard,5,3,2,60.0,1,43,56.89,69.67,12.78,partial,0,review,M0005,2026-02-24
U01988,Business,Business Communication,medium,5,3,2,60.0,2,49,63.11,66.45,3.34,partial,0,review,M0089,2026-04-01
U01989,English,Writing,easy,10,10,0,100.0,2,30,95.61,98.79,3.18,mastered,0,continue,M0044,2026-05-29
U01990,Mathematics,Linear Equations,medium,15,10,5,66.67,1,38,72.47,79.33,6.86,partial,0,review,M0014,2026-04-11
U01991,Programming,Loops,medium,5,3,2,60.0,2,40,53.7,56.7,3.0,partial,0,review,M0022,2026-04-25
U01992,English,Reading Comprehension,medium,15,8,7,53.33,4,43,55.05,73.27,18.22,weak,1,remedial,M0037,2026-01-06
U01993,English,Grammar,medium,20,19,1,95.0,1,50,100,100,0,mastered,0,continue,M0035,2026-02-20
U01994,English,Grammar,medium,15,7,8,46.67,1,31,50.45,71.89,21.44,weak,1,remedial,M0035,2026-03-31
U01995,Digital Literacy,File Management,hard,15,5,10,33.33,1,75,34.76,68.46,33.7,weak,1,remedial,M0067,2026-02-23
U01996,Business,Financial Literacy,medium,5,4,1,80.0,3,58,83.87,84.58,0.71,mastered,0,continue,M0081,2026-05-27
U01997,Digital Literacy,Online Collaboration,medium,15,14,1,93.33,4,31,98.91,99.41,0.5,mastered,0,continue,M0071,2026-02-09
U01998,Business,Business Communication,hard,20,12,8,60.0,1,66,60.01,63.62,3.61,partial,0,review,M0088,2026-04-28
U01999,English,Grammar,medium,10,1,9,10.0,1,37,10.84,20.93,10.09,weak,1,remedial,M0036,2026-01-07
U02000,Programming,Conditional Logic,hard,10,7,3,70.0,4,85,70.71,80.07,9.36,partial,0,review,M0019,2026-05-27
